Date,Brand,City,Sales Amount
2023-01-01,Brand A,Mumbai,2200.0
2023-01-01,Brand A,Delhi,2000.0
2023-01-01,Brand A,Bangalore,2800.0
2023-01-01,Brand A,Kolkata,2400.0
2023-01-01,Brand A,Chennai,2400.0
2023-01-01,Brand B,Mumbai,2200.0
2023-01-01,Brand B,Delhi,2000.0
2023-01-01,Brand B,Bangalore,2800.0
2023-01-01,Brand B,Kolkata,2400.0
2023-01-01,Brand B,Chennai,2400.0
2023-01-01,Brand C,Mumbai,2200.0
2023-01-01,Brand C,Delhi,2000.0
2023-01-01,Brand C,Bangalore,2800.0
2023-01-01,Brand C,Kolkata,2400.0
2023-01-01,Brand C,Chennai,2400.0
2023-01-02,Brand A,Mumbai,2222.22
2023-01-02,Brand A,Delhi,2022.22
2023-01-02,Brand A,Bangalore,2822.22
2023-01-02,Brand A,Kolkata,2422.22
2023-01-02,Brand A,Chennai,2422.22
2023-01-02,Brand B,Mumbai,2222.22
2023-01-02,Brand B,Delhi,2022.22
2023-01-02,Brand B,Bangalore,2822.22
2023-01-02,Brand B,Kolkata,2422.22
2023-01-02,Brand B,Chennai,2422.22
2023-01-02,Brand C,Mumbai,2222.22
2023-01-02,Brand C,Delhi,2022.22
2023-01-02,Brand C,Bangalore,2822.22
2023-01-02,Brand C,Kolkata,2422.22
2023-01-02,Brand C,Chennai,2422.22
2023-01-03,Brand A,Mumbai,2244.44
2023-01-03,Brand A,Delhi,2044.44
2023-01-03,Brand A,Bangalore,2844.44
2023-01-03,Brand A,Kolkata,2444.44
2023-01-03,Brand A,Chennai,2444.44
2023-01-03,Brand B,Mumbai,2244.44
2023-01-03,Brand B,Delhi,2044.44
2023-01-03,Brand B,Bangalore,2844.44
2023-01-03,Brand B,Kolkata,2444.44
2023-01-03,Brand B,Chennai,2444.44
2023-01-03,Brand C,Mumbai,2244.44
2023-01-03,Brand C,Delhi,2044.44
2023-01-03,Brand C,Bangalore,2844.44
2023-01-03,Brand C,Kolkata,2444.44
2023-01-03,Brand C,Chennai,2444.44
2023-01-04,Brand A,Mumbai,2266.67
2023-01-04,Brand A,Delhi,2066.67
2023-01-04,Brand A,Bangalore,2866.67
2023-01-04,Brand A,Kolkata,2466.67
2023-01-04,Brand A,Chennai,2466.67
2023-01-04,Brand B,Mumbai,2266.67
2023-01-04,Brand B,Delhi,2066.67
2023-01-04,Brand B,Bangalore,2866.67
2023-01-04,Brand B,Kolkata,2466.67
2023-01-04,Brand B,Chennai,2466.67
2023-01-04,Brand C,Mumbai,2266.67
2023-01-04,Brand C,Delhi,2066.67
2023-01-04,Brand C,Bangalore,2866.67
2023-01-04,Brand C,Kolkata,2466.67
2023-01-04,Brand C,Chennai,2466.67
2023-01-05,Brand A,Mumbai,2288.89
2023-01-05,Brand A,Delhi,2088.89
2023-01-05,Brand A,Bangalore,2888.89
2023-01-05,Brand A,Kolkata,2488.89
2023-01-05,Brand A,Chennai,2488.89
2023-01-05,Brand B,Mumbai,2288.89
2023-01-05,Brand B,Delhi,2088.89
2023-01-05,Brand B,Bangalore,2888.89
2023-01-05,Brand B,Kolkata,2488.89
2023-01-05,Brand B,Chennai,2488.89
2023-01-05,Brand C,Mumbai,2288.89
2023-01-05,Brand C,Delhi,2088.89
2023-01-05,Brand C,Bangalore,2888.89
2023-01-05,Brand C,Kolkata,2488.89
2023-01-05,Brand C,Chennai,2488.89
2023-01-06,Brand A,Mumbai,2311.11
2023-01-06,Brand A,Delhi,2111.11
2023-01-06,Brand A,Bangalore,2911.11
2023-01-06,Brand A,Kolkata,2511.11
2023-01-06,Brand A,Chennai,2511.11
2023-01-06,Brand B,Mumbai,2311.11
2023-01-06,Brand B,Delhi,2111.11
2023-01-06,Brand B,Bangalore,2911.11
2023-01-06,Brand B,Kolkata,2511.11
2023-01-06,Brand B,Chennai,2511.11
2023-01-06,Brand C,Mumbai,2311.11
2023-01-06,Brand C,Delhi,2111.11
2023-01-06,Brand C,Bangalore,2911.11
2023-01-06,Brand C,Kolkata,2511.11
2023-01-06,Brand C,Chennai,2511.11
2023-01-07,Brand A,Mumbai,2333.33
2023-01-07,Brand A,Delhi,2133.33
2023-01-07,Brand A,Bangalore,2933.33
2023-01-07,Brand A,Kolkata,2533.33
2023-01-07,Brand A,Chennai,2533.33
2023-01-07,Brand B,Mumbai,2333.33
2023-01-07,Brand B,Delhi,2133.33
2023-01-07,Brand B,Bangalore,2933.33
2023-01-07,Brand B,Kolkata,2533.33
2023-01-07,Brand B,Chennai,2533.33
2023-01-07,Brand C,Mumbai,2333.33
2023-01-07,Brand C,Delhi,2133.33
2023-01-07,Brand C,Bangalore,2933.33
2023-01-07,Brand C,Kolkata,2533.33
2023-01-07,Brand C,Chennai,2533.33
2023-01-08,Brand A,Mumbai,2355.56
2023-01-08,Brand A,Delhi,2155.56
2023-01-08,Brand A,Bangalore,2955.56
2023-01-08,Brand A,Kolkata,2555.56
2023-01-08,Brand A,Chennai,2555.56
2023-01-08,Brand B,Mumbai,2355.56
2023-01-08,Brand B,Delhi,2155.56
2023-01-08,Brand B,Bangalore,2955.56
2023-01-08,Brand B,Kolkata,2555.56
2023-01-08,Brand B,Chennai,2555.56
2023-01-08,Brand C,Mumbai,2355.56
2023-01-08,Brand C,Delhi,2155.56
2023-01-08,Brand C,Bangalore,2955.56
2023-01-08,Brand C,Kolkata,2555.56
2023-01-08,Brand C,Chennai,2555.56
2023-01-09,Brand A,Mumbai,2377.78
2023-01-09,Brand A,Delhi,2177.78
2023-01-09,Brand A,Bangalore,2977.78
2023-01-09,Brand A,Kolkata,2577.78
2023-01-09,Brand A,Chennai,2577.78
2023-01-09,Brand B,Mumbai,2377.78
2023-01-09,Brand B,Delhi,2177.78
2023-01-09,Brand B,Bangalore,2977.78
2023-01-09,Brand B,Kolkata,2577.78
2023-01-09,Brand B,Chennai,2577.78
2023-01-09,Brand C,Mumbai,2377.78
2023-01-09,Brand C,Delhi,2177.78
2023-01-09,Brand C,Bangalore,2977.78
2023-01-09,Brand C,Kolkata,2577.78
2023-01-09,Brand C,Chennai,2577.78
2023-01-10,Brand A,Mumbai,2400.0
2023-01-10,Brand A,Delhi,2200.0
2023-01-10,Brand A,Bangalore,3000.0
2023-01-10,Brand A,Kolkata,2600.0
2023-01-10,Brand A,Chennai,2600.0
2023-01-10,Brand B,Mumbai,2400.0
2023-01-10,Brand B,Delhi,2200.0
2023-01-10,Brand B,Bangalore,3000.0
2023-01-10,Brand B,Kolkata,2600.0
2023-01-10,Brand B,Chennai,2600.0
2023-01-10,Brand C,Mumbai,2400.0
2023-01-10,Brand C,Delhi,2200.0
2023-01-10,Brand C,Bangalore,3000.0
2023-01-10,Brand C,Kolkata,2600.0
2023-01-10,Brand C,Chennai,2600.0
2023-01-11,Brand A,Mumbai,2422.22
2023-01-11,Brand A,Delhi,2222.22
2023-01-11,Brand A,Bangalore,3022.22
2023-01-11,Brand A,Kolkata,2622.22
2023-01-11,Brand A,Chennai,2622.22
2023-01-11,Brand B,Mumbai,2422.22
2023-01-11,Brand B,Delhi,2222.22
2023-01-11,Brand B,Bangalore,3022.22
2023-01-11,Brand B,Kolkata,2622.22
2023-01-11,Brand B,Chennai,2622.22
2023-01-11,Brand C,Mumbai,2422.22
2023-01-11,Brand C,Delhi,2222.22
2023-01-11,Brand C,Bangalore,3022.22
2023-01-11,Brand C,Kolkata,2622.22
2023-01-11,Brand C,Chennai,2622.22
2023-01-12,Brand A,Mumbai,2444.44
2023-01-12,Brand A,Delhi,2244.44
2023-01-12,Brand A,Bangalore,3044.44
2023-01-12,Brand A,Kolkata,2644.44
2023-01-12,Brand A,Chennai,2644.44
2023-01-12,Brand B,Mumbai,2444.44
2023-01-12,Brand B,Delhi,2244.44
2023-01-12,Brand B,Bangalore,3044.44
2023-01-12,Brand B,Kolkata,2644.44
2023-01-12,Brand B,Chennai,2644.44
2023-01-12,Brand C,Mumbai,2444.44
2023-01-12,Brand C,Delhi,2244.44
2023-01-12,Brand C,Bangalore,3044.44
2023-01-12,Brand C,Kolkata,2644.44
2023-01-12,Brand C,Chennai,2644.44
2023-01-13,Brand A,Mumbai,2466.67
2023-01-13,Brand A,Delhi,2266.67
2023-01-13,Brand A,Bangalore,3066.67
2023-01-13,Brand A,Kolkata,2666.67
2023-01-13,Brand A,Chennai,2666.67
2023-01-13,Brand B,Mumbai,2466.67
2023-01-13,Brand B,Delhi,2266.67
2023-01-13,Brand B,Bangalore,3066.67
2023-01-13,Brand B,Kolkata,2666.67
2023-01-13,Brand B,Chennai,2666.67
2023-01-13,Brand C,Mumbai,2466.67
2023-01-13,Brand C,Delhi,2266.67
2023-01-13,Brand C,Bangalore,3066.67
2023-01-13,Brand C,Kolkata,2666.67
2023-01-13,Brand C,Chennai,2666.67
2023-01-14,Brand A,Mumbai,2488.89
2023-01-14,Brand A,Delhi,2288.89
2023-01-14,Brand A,Bangalore,3088.89
2023-01-14,Brand A,Kolkata,2688.89
2023-01-14,Brand A,Chennai,2688.89
2023-01-14,Brand B,Mumbai,2488.89
2023-01-14,Brand B,Delhi,2288.89
2023-01-14,Brand B,Bangalore,3088.89
2023-01-14,Brand B,Kolkata,2688.89
2023-01-14,Brand B,Chennai,2688.89
2023-01-14,Brand C,Mumbai,2488.89
2023-01-14,Brand C,Delhi,2288.89
2023-01-14,Brand C,Bangalore,3088.89
2023-01-14,Brand C,Kolkata,2688.89
2023-01-14,Brand C,Chennai,2688.89
2023-01-15,Brand A,Mumbai,2511.11
2023-01-15,Brand A,Delhi,2311.11
2023-01-15,Brand A,Bangalore,3111.11
2023-01-15,Brand A,Kolkata,2711.11
2023-01-15,Brand A,Chennai,2711.11
2023-01-15,Brand B,Mumbai,2511.11
2023-01-15,Brand B,Delhi,2311.11
2023-01-15,Brand B,Bangalore,3111.11
2023-01-15,Brand B,Kolkata,2711.11
2023-01-15,Brand B,Chennai,2711.11
2023-01-15,Brand C,Mumbai,2511.11
2023-01-15,Brand C,Delhi,2311.11
2023-01-15,Brand C,Bangalore,3111.11
2023-01-15,Brand C,Kolkata,2711.11
2023-01-15,Brand C,Chennai,2711.11
2023-01-16,Brand A,Mumbai,2533.33
2023-01-16,Brand A,Delhi,2333.33
2023-01-16,Brand A,Bangalore,3133.33
2023-01-16,Brand A,Kolkata,2733.33
2023-01-16,Brand A,Chennai,2733.33
2023-01-16,Brand B,Mumbai,2533.33
2023-01-16,Brand B,Delhi,2333.33
2023-01-16,Brand B,Bangalore,3133.33
2023-01-16,Brand B,Kolkata,2733.33
2023-01-16,Brand B,Chennai,2733.33
2023-01-16,Brand C,Mumbai,2533.33
2023-01-16,Brand C,Delhi,2333.33
2023-01-16,Brand C,Bangalore,3133.33
2023-01-16,Brand C,Kolkata,2733.33
2023-01-16,Brand C,Chennai,2733.33
2023-01-17,Brand A,Mumbai,2555.56
2023-01-17,Brand A,Delhi,2355.56
2023-01-17,Brand A,Bangalore,3155.56
2023-01-17,Brand A,Kolkata,2755.56
2023-01-17,Brand A,Chennai,2755.56
2023-01-17,Brand B,Mumbai,2555.56
2023-01-17,Brand B,Delhi,2355.56
2023-01-17,Brand B,Bangalore,3155.56
2023-01-17,Brand B,Kolkata,2755.56
2023-01-17,Brand B,Chennai,2755.56
2023-01-17,Brand C,Mumbai,2555.56
2023-01-17,Brand C,Delhi,2355.56
2023-01-17,Brand C,Bangalore,3155.56
2023-01-17,Brand C,Kolkata,2755.56
2023-01-17,Brand C,Chennai,2755.56
2023-01-18,Brand A,Mumbai,2577.78
2023-01-18,Brand A,Delhi,2377.78
2023-01-18,Brand A,Bangalore,3177.78
2023-01-18,Brand A,Kolkata,2777.78
2023-01-18,Brand A,Chennai,2777.78
2023-01-18,Brand B,Mumbai,2577.78
2023-01-18,Brand B,Delhi,2377.78
2023-01-18,Brand B,Bangalore,3177.78
2023-01-18,Brand B,Kolkata,2777.78
2023-01-18,Brand B,Chennai,2777.78
2023-01-18,Brand C,Mumbai,2577.78
2023-01-18,Brand C,Delhi,2377.78
2023-01-18,Brand C,Bangalore,3177.78
2023-01-18,Brand C,Kolkata,2777.78
2023-01-18,Brand C,Chennai,2777.78
2023-01-19,Brand A,Mumbai,2600.0
2023-01-19,Brand A,Delhi,2400.0
2023-01-19,Brand A,Bangalore,3200.0
2023-01-19,Brand A,Kolkata,2800.0
2023-01-19,Brand A,Chennai,2800.0
2023-01-19,Brand B,Mumbai,2600.0
2023-01-19,Brand B,Delhi,2400.0
2023-01-19,Brand B,Bangalore,3200.0
2023-01-19,Brand B,Kolkata,2800.0
2023-01-19,Brand B,Chennai,2800.0
2023-01-19,Brand C,Mumbai,2600.0
2023-01-19,Brand C,Delhi,2400.0
2023-01-19,Brand C,Bangalore,3200.0
2023-01-19,Brand C,Kolkata,2800.0
2023-01-19,Brand C,Chennai,2800.0
2023-01-20,Brand A,Mumbai,2622.22
2023-01-20,Brand A,Delhi,2422.22
2023-01-20,Brand A,Bangalore,3222.22
2023-01-20,Brand A,Kolkata,2822.22
2023-01-20,Brand A,Chennai,2822.22
2023-01-20,Brand B,Mumbai,2622.22
2023-01-20,Brand B,Delhi,2422.22
2023-01-20,Brand B,Bangalore,3222.22
2023-01-20,Brand B,Kolkata,2822.22
2023-01-20,Brand B,Chennai,2822.22
2023-01-20,Brand C,Mumbai,2622.22
2023-01-20,Brand C,Delhi,2422.22
2023-01-20,Brand C,Bangalore,3222.22
2023-01-20,Brand C,Kolkata,2822.22
2023-01-20,Brand C,Chennai,2822.22
2023-01-21,Brand A,Mumbai,2644.44
2023-01-21,Brand A,Delhi,2444.44
2023-01-21,Brand A,Bangalore,3244.44
2023-01-21,Brand A,Kolkata,2844.44
2023-01-21,Brand A,Chennai,2844.44
2023-01-21,Brand B,Mumbai,2644.44
2023-01-21,Brand B,Delhi,2444.44
2023-01-21,Brand B,Bangalore,3244.44
2023-01-21,Brand B,Kolkata,2844.44
2023-01-21,Brand B,Chennai,2844.44
2023-01-21,Brand C,Mumbai,2644.44
2023-01-21,Brand C,Delhi,2444.44
2023-01-21,Brand C,Bangalore,3244.44
2023-01-21,Brand C,Kolkata,2844.44
2023-01-21,Brand C,Chennai,2844.44
2023-01-22,Brand A,Mumbai,2666.67
2023-01-22,Brand A,Delhi,2466.67
2023-01-22,Brand A,Bangalore,3266.67
2023-01-22,Brand A,Kolkata,2866.67
2023-01-22,Brand A,Chennai,2866.67
2023-01-22,Brand B,Mumbai,2666.67
2023-01-22,Brand B,Delhi,2466.67
2023-01-22,Brand B,Bangalore,3266.67
2023-01-22,Brand B,Kolkata,2866.67
2023-01-22,Brand B,Chennai,2866.67
2023-01-22,Brand C,Mumbai,2666.67
2023-01-22,Brand C,Delhi,2466.67
2023-01-22,Brand C,Bangalore,3266.67
2023-01-22,Brand C,Kolkata,2866.67
2023-01-22,Brand C,Chennai,2866.67
2023-01-23,Brand A,Mumbai,2688.89
2023-01-23,Brand A,Delhi,2488.89
2023-01-23,Brand A,Bangalore,3288.89
2023-01-23,Brand A,Kolkata,2888.89
2023-01-23,Brand A,Chennai,2888.89
2023-01-23,Brand B,Mumbai,2688.89
2023-01-23,Brand B,Delhi,2488.89
2023-01-23,Brand B,Bangalore,3288.89
2023-01-23,Brand B,Kolkata,2888.89
2023-01-23,Brand B,Chennai,2888.89
2023-01-23,Brand C,Mumbai,2688.89
2023-01-23,Brand C,Delhi,2488.89
2023-01-23,Brand C,Bangalore,3288.89
2023-01-23,Brand C,Kolkata,2888.89
2023-01-23,Brand C,Chennai,2888.89
2023-01-24,Brand A,Mumbai,2711.11
2023-01-24,Brand A,Delhi,2511.11
2023-01-24,Brand A,Bangalore,3311.11
2023-01-24,Brand A,Kolkata,2911.11
2023-01-24,Brand A,Chennai,2911.11
2023-01-24,Brand B,Mumbai,2711.11
2023-01-24,Brand B,Delhi,2511.11
2023-01-24,Brand B,Bangalore,3311.11
2023-01-24,Brand B,Kolkata,2911.11
2023-01-24,Brand B,Chennai,2911.11
2023-01-24,Brand C,Mumbai,2711.11
2023-01-24,Brand C,Delhi,2511.11
2023-01-24,Brand C,Bangalore,3311.11
2023-01-24,Brand C,Kolkata,2911.11
2023-01-24,Brand C,Chennai,2911.11
2023-01-25,Brand A,Mumbai,2733.33
2023-01-25,Brand A,Delhi,2533.33
2023-01-25,Brand A,Bangalore,3333.33
2023-01-25,Brand A,Kolkata,2933.33
2023-01-25,Brand A,Chennai,2933.33
2023-01-25,Brand B,Mumbai,2733.33
2023-01-25,Brand B,Delhi,2533.33
2023-01-25,Brand B,Bangalore,3333.33
2023-01-25,Brand B,Kolkata,2933.33
2023-01-25,Brand B,Chennai,2933.33
2023-01-25,Brand C,Mumbai,2733.33
2023-01-25,Brand C,Delhi,2533.33
2023-01-25,Brand C,Bangalore,3333.33
2023-01-25,Brand C,Kolkata,2933.33
2023-01-25,Brand C,Chennai,2933.33
2023-01-26,Brand A,Mumbai,2755.56
2023-01-26,Brand A,Delhi,2555.56
2023-01-26,Brand A,Bangalore,3355.56
2023-01-26,Brand A,Kolkata,2955.56
2023-01-26,Brand A,Chennai,2955.56
2023-01-26,Brand B,Mumbai,2755.56
2023-01-26,Brand B,Delhi,2555.56
2023-01-26,Brand B,Bangalore,3355.56
2023-01-26,Brand B,Kolkata,2955.56
2023-01-26,Brand B,Chennai,2955.56
2023-01-26,Brand C,Mumbai,2755.56
2023-01-26,Brand C,Delhi,2555.56
2023-01-26,Brand C,Bangalore,3355.56
2023-01-26,Brand C,Kolkata,2955.56
2023-01-26,Brand C,Chennai,2955.56
2023-01-27,Brand A,Mumbai,2777.78
2023-01-27,Brand A,Delhi,2577.78
2023-01-27,Brand A,Bangalore,3377.78
2023-01-27,Brand A,Kolkata,2977.78
2023-01-27,Brand A,Chennai,2977.78
2023-01-27,Brand B,Mumbai,2777.78
2023-01-27,Brand B,Delhi,2577.78
2023-01-27,Brand B,Bangalore,3377.78
2023-01-27,Brand B,Kolkata,2977.78
2023-01-27,Brand B,Chennai,2977.78
2023-01-27,Brand C,Mumbai,2777.78
2023-01-27,Brand C,Delhi,2577.78
2023-01-27,Brand C,Bangalore,3377.78
2023-01-27,Brand C,Kolkata,2977.78
2023-01-27,Brand C,Chennai,2977.78
2023-01-28,Brand A,Mumbai,2800.0
2023-01-28,Brand A,Delhi,2600.0
2023-01-28,Brand A,Bangalore,3400.0
2023-01-28,Brand A,Kolkata,3000.0
2023-01-28,Brand A,Chennai,3000.0
2023-01-28,Brand B,Mumbai,2800.0
2023-01-28,Brand B,Delhi,2600.0
2023-01-28,Brand B,Bangalore,3400.0
2023-01-28,Brand B,Kolkata,3000.0
2023-01-28,Brand B,Chennai,3000.0
2023-01-28,Brand C,Mumbai,2800.0
2023-01-28,Brand C,Delhi,2600.0
2023-01-28,Brand C,Bangalore,3400.0
2023-01-28,Brand C,Kolkata,3000.0
2023-01-28,Brand C,Chennai,3000.0
2023-01-29,Brand A,Mumbai,2822.22
2023-01-29,Brand A,Delhi,2622.22
2023-01-29,Brand A,Bangalore,3422.22
2023-01-29,Brand A,Kolkata,3022.22
2023-01-29,Brand A,Chennai,3022.22
2023-01-29,Brand B,Mumbai,2822.22
2023-01-29,Brand B,Delhi,2622.22
2023-01-29,Brand B,Bangalore,3422.22
2023-01-29,Brand B,Kolkata,3022.22
2023-01-29,Brand B,Chennai,3022.22
2023-01-29,Brand C,Mumbai,2822.22
2023-01-29,Brand C,Delhi,2622.22
2023-01-29,Brand C,Bangalore,3422.22
2023-01-29,Brand C,Kolkata,3022.22
2023-01-29,Brand C,Chennai,3022.22
2023-01-30,Brand A,Mumbai,2844.44
2023-01-30,Brand A,Delhi,2644.44
2023-01-30,Brand A,Bangalore,3444.44
2023-01-30,Brand A,Kolkata,3044.44
2023-01-30,Brand A,Chennai,3044.44
2023-01-30,Brand B,Mumbai,2844.44
2023-01-30,Brand B,Delhi,2644.44
2023-01-30,Brand B,Bangalore,3444.44
2023-01-30,Brand B,Kolkata,3044.44
2023-01-30,Brand B,Chennai,3044.44
2023-01-30,Brand C,Mumbai,2844.44
2023-01-30,Brand C,Delhi,2644.44
2023-01-30,Brand C,Bangalore,3444.44
2023-01-30,Brand C,Kolkata,3044.44
2023-01-30,Brand C,Chennai,3044.44
2023-01-31,Brand A,Mumbai,2866.67
2023-01-31,Brand A,Delhi,2666.67
2023-01-31,Brand A,Bangalore,3466.67
2023-01-31,Brand A,Kolkata,3066.67
2023-01-31,Brand A,Chennai,3066.67
2023-01-31,Brand B,Mumbai,2866.67
2023-01-31,Brand B,Delhi,2666.67
2023-01-31,Brand B,Bangalore,3466.67
2023-01-31,Brand B,Kolkata,3066.67
2023-01-31,Brand B,Chennai,3066.67
2023-01-31,Brand C,Mumbai,2866.67
2023-01-31,Brand C,Delhi,2666.67
2023-01-31,Brand C,Bangalore,3466.67
2023-01-31,Brand C,Kolkata,3066.67
2023-01-31,Brand C,Chennai,3066.67
2023-02-01,Brand A,Mumbai,2888.89
2023-02-01,Brand A,Delhi,2688.89
2023-02-01,Brand A,Bangalore,3488.89
2023-02-01,Brand A,Kolkata,3088.89
2023-02-01,Brand A,Chennai,3088.89
2023-02-01,Brand B,Mumbai,2888.89
2023-02-01,Brand B,Delhi,2688.89
2023-02-01,Brand B,Bangalore,3488.89
2023-02-01,Brand B,Kolkata,3088.89
2023-02-01,Brand B,Chennai,3088.89
2023-02-01,Brand C,Mumbai,2888.89
2023-02-01,Brand C,Delhi,2688.89
2023-02-01,Brand C,Bangalore,3488.89
2023-02-01,Brand C,Kolkata,3088.89
2023-02-01,Brand C,Chennai,3088.89
2023-02-02,Brand A,Mumbai,2911.11
2023-02-02,Brand A,Delhi,2711.11
2023-02-02,Brand A,Bangalore,3511.11
2023-02-02,Brand A,Kolkata,3111.11
2023-02-02,Brand A,Chennai,3111.11
2023-02-02,Brand B,Mumbai,2911.11
2023-02-02,Brand B,Delhi,2711.11
2023-02-02,Brand B,Bangalore,3511.11
2023-02-02,Brand B,Kolkata,3111.11
2023-02-02,Brand B,Chennai,3111.11
2023-02-02,Brand C,Mumbai,2911.11
2023-02-02,Brand C,Delhi,2711.11
2023-02-02,Brand C,Bangalore,3511.11
2023-02-02,Brand C,Kolkata,3111.11
2023-02-02,Brand C,Chennai,3111.11
2023-02-03,Brand A,Mumbai,2933.33
2023-02-03,Brand A,Delhi,2733.33
2023-02-03,Brand A,Bangalore,3533.33
2023-02-03,Brand A,Kolkata,3133.33
2023-02-03,Brand A,Chennai,3133.33
2023-02-03,Brand B,Mumbai,2933.33
2023-02-03,Brand B,Delhi,2733.33
2023-02-03,Brand B,Bangalore,3533.33
2023-02-03,Brand B,Kolkata,3133.33
2023-02-03,Brand B,Chennai,3133.33
2023-02-03,Brand C,Mumbai,2933.33
2023-02-03,Brand C,Delhi,2733.33
2023-02-03,Brand C,Bangalore,3533.33
2023-02-03,Brand C,Kolkata,3133.33
2023-02-03,Brand C,Chennai,3133.33
2023-02-04,Brand A,Mumbai,2955.56
2023-02-04,Brand A,Delhi,2755.56
2023-02-04,Brand A,Bangalore,3555.56
2023-02-04,Brand A,Kolkata,3155.56
2023-02-04,Brand A,Chennai,3155.56
2023-02-04,Brand B,Mumbai,2955.56
2023-02-04,Brand B,Delhi,2755.56
2023-02-04,Brand B,Bangalore,3555.56
2023-02-04,Brand B,Kolkata,3155.56
2023-02-04,Brand B,Chennai,3155.56
2023-02-04,Brand C,Mumbai,2955.56
2023-02-04,Brand C,Delhi,2755.56
2023-02-04,Brand C,Bangalore,3555.56
2023-02-04,Brand C,Kolkata,3155.56
2023-02-04,Brand C,Chennai,3155.56
2023-02-05,Brand A,Mumbai,2977.78
2023-02-05,Brand A,Delhi,2777.78
2023-02-05,Brand A,Bangalore,3577.78
2023-02-05,Brand A,Kolkata,3177.78
2023-02-05,Brand A,Chennai,3177.78
2023-02-05,Brand B,Mumbai,2977.78
2023-02-05,Brand B,Delhi,2777.78
2023-02-05,Brand B,Bangalore,3577.78
2023-02-05,Brand B,Kolkata,3177.78
2023-02-05,Brand B,Chennai,3177.78
2023-02-05,Brand C,Mumbai,2977.78
2023-02-05,Brand C,Delhi,2777.78
2023-02-05,Brand C,Bangalore,3577.78
2023-02-05,Brand C,Kolkata,3177.78
2023-02-05,Brand C,Chennai,3177.78
2023-02-06,Brand A,Mumbai,3000.0
2023-02-06,Brand A,Delhi,2800.0
2023-02-06,Brand A,Bangalore,3600.0
2023-02-06,Brand A,Kolkata,3200.0
2023-02-06,Brand A,Chennai,3200.0
2023-02-06,Brand B,Mumbai,3000.0
2023-02-06,Brand B,Delhi,2800.0
2023-02-06,Brand B,Bangalore,3600.0
2023-02-06,Brand B,Kolkata,3200.0
2023-02-06,Brand B,Chennai,3200.0
2023-02-06,Brand C,Mumbai,3000.0
2023-02-06,Brand C,Delhi,2800.0
2023-02-06,Brand C,Bangalore,3600.0
2023-02-06,Brand C,Kolkata,3200.0
2023-02-06,Brand C,Chennai,3200.0
2023-02-07,Brand A,Mumbai,3022.22
2023-02-07,Brand A,Delhi,2822.22
2023-02-07,Brand A,Bangalore,3622.22
2023-02-07,Brand A,Kolkata,3222.22
2023-02-07,Brand A,Chennai,3222.22
2023-02-07,Brand B,Mumbai,3022.22
2023-02-07,Brand B,Delhi,2822.22
2023-02-07,Brand B,Bangalore,3622.22
2023-02-07,Brand B,Kolkata,3222.22
2023-02-07,Brand B,Chennai,3222.22
2023-02-07,Brand C,Mumbai,3022.22
2023-02-07,Brand C,Delhi,2822.22
2023-02-07,Brand C,Bangalore,3622.22
2023-02-07,Brand C,Kolkata,3222.22
2023-02-07,Brand C,Chennai,3222.22
2023-02-08,Brand A,Mumbai,3044.44
2023-02-08,Brand A,Delhi,2844.44
2023-02-08,Brand A,Bangalore,3644.44
2023-02-08,Brand A,Kolkata,3244.44
2023-02-08,Brand A,Chennai,3244.44
2023-02-08,Brand B,Mumbai,3044.44
2023-02-08,Brand B,Delhi,2844.44
2023-02-08,Brand B,Bangalore,3644.44
2023-02-08,Brand B,Kolkata,3244.44
2023-02-08,Brand B,Chennai,3244.44
2023-02-08,Brand C,Mumbai,3044.44
2023-02-08,Brand C,Delhi,2844.44
2023-02-08,Brand C,Bangalore,3644.44
2023-02-08,Brand C,Kolkata,3244.44
2023-02-08,Brand C,Chennai,3244.44
2023-02-09,Brand A,Mumbai,3066.67
2023-02-09,Brand A,Delhi,2866.67
2023-02-09,Brand A,Bangalore,3666.67
2023-02-09,Brand A,Kolkata,3266.67
2023-02-09,Brand A,Chennai,3266.67
2023-02-09,Brand B,Mumbai,3066.67
2023-02-09,Brand B,Delhi,2866.67
2023-02-09,Brand B,Bangalore,3666.67
2023-02-09,Brand B,Kolkata,3266.67
2023-02-09,Brand B,Chennai,3266.67
2023-02-09,Brand C,Mumbai,3066.67
2023-02-09,Brand C,Delhi,2866.67
2023-02-09,Brand C,Bangalore,3666.67
2023-02-09,Brand C,Kolkata,3266.67
2023-02-09,Brand C,Chennai,3266.67
2023-02-10,Brand A,Mumbai,3088.89
2023-02-10,Brand A,Delhi,2888.89
2023-02-10,Brand A,Bangalore,3688.89
2023-02-10,Brand A,Kolkata,3288.89
2023-02-10,Brand A,Chennai,3288.89
2023-02-10,Brand B,Mumbai,3088.89
2023-02-10,Brand B,Delhi,2888.89
2023-02-10,Brand B,Bangalore,3688.89
2023-02-10,Brand B,Kolkata,3288.89
2023-02-10,Brand B,Chennai,3288.89
2023-02-10,Brand C,Mumbai,3088.89
2023-02-10,Brand C,Delhi,2888.89
2023-02-10,Brand C,Bangalore,3688.89
2023-02-10,Brand C,Kolkata,3288.89
2023-02-10,Brand C,Chennai,3288.89
2023-02-11,Brand A,Mumbai,3111.11
2023-02-11,Brand A,Delhi,2911.11
2023-02-11,Brand A,Bangalore,3711.11
2023-02-11,Brand A,Kolkata,3311.11
2023-02-11,Brand A,Chennai,3311.11
2023-02-11,Brand B,Mumbai,3111.11
2023-02-11,Brand B,Delhi,2911.11
2023-02-11,Brand B,Bangalore,3711.11
2023-02-11,Brand B,Kolkata,3311.11
2023-02-11,Brand B,Chennai,3311.11
2023-02-11,Brand C,Mumbai,3111.11
2023-02-11,Brand C,Delhi,2911.11
2023-02-11,Brand C,Bangalore,3711.11
2023-02-11,Brand C,Kolkata,3311.11
2023-02-11,Brand C,Chennai,3311.11
2023-02-12,Brand A,Mumbai,3133.33
2023-02-12,Brand A,Delhi,2933.33
2023-02-12,Brand A,Bangalore,3733.33
2023-02-12,Brand A,Kolkata,3333.33
2023-02-12,Brand A,Chennai,3333.33
2023-02-12,Brand B,Mumbai,3133.33
2023-02-12,Brand B,Delhi,2933.33
2023-02-12,Brand B,Bangalore,3733.33
2023-02-12,Brand B,Kolkata,3333.33
2023-02-12,Brand B,Chennai,3333.33
2023-02-12,Brand C,Mumbai,3133.33
2023-02-12,Brand C,Delhi,2933.33
2023-02-12,Brand C,Bangalore,3733.33
2023-02-12,Brand C,Kolkata,3333.33
2023-02-12,Brand C,Chennai,3333.33
2023-02-13,Brand A,Mumbai,3155.56
2023-02-13,Brand A,Delhi,2955.56
2023-02-13,Brand A,Bangalore,3755.56
2023-02-13,Brand A,Kolkata,3355.56
2023-02-13,Brand A,Chennai,3355.56
2023-02-13,Brand B,Mumbai,3155.56
2023-02-13,Brand B,Delhi,2955.56
2023-02-13,Brand B,Bangalore,3755.56
2023-02-13,Brand B,Kolkata,3355.56
2023-02-13,Brand B,Chennai,3355.56
2023-02-13,Brand C,Mumbai,3155.56
2023-02-13,Brand C,Delhi,2955.56
2023-02-13,Brand C,Bangalore,3755.56
2023-02-13,Brand C,Kolkata,3355.56
2023-02-13,Brand C,Chennai,3355.56
2023-02-14,Brand A,Mumbai,3177.78
2023-02-14,Brand A,Delhi,2977.78
2023-02-14,Brand A,Bangalore,3777.78
2023-02-14,Brand A,Kolkata,3377.78
2023-02-14,Brand A,Chennai,3377.78
2023-02-14,Brand B,Mumbai,3177.78
2023-02-14,Brand B,Delhi,2977.78
2023-02-14,Brand B,Bangalore,3777.78
2023-02-14,Brand B,Kolkata,3377.78
2023-02-14,Brand B,Chennai,3377.78
2023-02-14,Brand C,Mumbai,3177.78
2023-02-14,Brand C,Delhi,2977.78
2023-02-14,Brand C,Bangalore,3777.78
2023-02-14,Brand C,Kolkata,3377.78
2023-02-14,Brand C,Chennai,3377.78
2023-02-15,Brand A,Mumbai,3200.0
2023-02-15,Brand A,Delhi,3000.0
2023-02-15,Brand A,Bangalore,3800.0
2023-02-15,Brand A,Kolkata,3400.0
2023-02-15,Brand A,Chennai,3400.0
2023-02-15,Brand B,Mumbai,3200.0
2023-02-15,Brand B,Delhi,3000.0
2023-02-15,Brand B,Bangalore,3800.0
2023-02-15,Brand B,Kolkata,3400.0
2023-02-15,Brand B,Chennai,3400.0
2023-02-15,Brand C,Mumbai,3200.0
2023-02-15,Brand C,Delhi,3000.0
2023-02-15,Brand C,Bangalore,3800.0
2023-02-15,Brand C,Kolkata,3400.0
2023-02-15,Brand C,Chennai,3400.0
2023-02-16,Brand A,Mumbai,3222.22
2023-02-16,Brand A,Delhi,3022.22
2023-02-16,Brand A,Bangalore,3822.22
2023-02-16,Brand A,Kolkata,3422.22
2023-02-16,Brand A,Chennai,3422.22
2023-02-16,Brand B,Mumbai,3222.22
2023-02-16,Brand B,Delhi,3022.22
2023-02-16,Brand B,Bangalore,3822.22
2023-02-16,Brand B,Kolkata,3422.22
2023-02-16,Brand B,Chennai,3422.22
2023-02-16,Brand C,Mumbai,3222.22
2023-02-16,Brand C,Delhi,3022.22
2023-02-16,Brand C,Bangalore,3822.22
2023-02-16,Brand C,Kolkata,3422.22
2023-02-16,Brand C,Chennai,3422.22
2023-02-17,Brand A,Mumbai,3244.44
2023-02-17,Brand A,Delhi,3044.44
2023-02-17,Brand A,Bangalore,3844.44
2023-02-17,Brand A,Kolkata,3444.44
2023-02-17,Brand A,Chennai,3444.44
2023-02-17,Brand B,Mumbai,3244.44
2023-02-17,Brand B,Delhi,3044.44
2023-02-17,Brand B,Bangalore,3844.44
2023-02-17,Brand B,Kolkata,3444.44
2023-02-17,Brand B,Chennai,3444.44
2023-02-17,Brand C,Mumbai,3244.44
2023-02-17,Brand C,Delhi,3044.44
2023-02-17,Brand C,Bangalore,3844.44
2023-02-17,Brand C,Kolkata,3444.44
2023-02-17,Brand C,Chennai,3444.44
2023-02-18,Brand A,Mumbai,3266.67
2023-02-18,Brand A,Delhi,3066.67
2023-02-18,Brand A,Bangalore,3866.67
2023-02-18,Brand A,Kolkata,3466.67
2023-02-18,Brand A,Chennai,3466.67
2023-02-18,Brand B,Mumbai,3266.67
2023-02-18,Brand B,Delhi,3066.67
2023-02-18,Brand B,Bangalore,3866.67
2023-02-18,Brand B,Kolkata,3466.67
2023-02-18,Brand B,Chennai,3466.67
2023-02-18,Brand C,Mumbai,3266.67
2023-02-18,Brand C,Delhi,3066.67
2023-02-18,Brand C,Bangalore,3866.67
2023-02-18,Brand C,Kolkata,3466.67
2023-02-18,Brand C,Chennai,3466.67
2023-02-19,Brand A,Mumbai,3288.89
2023-02-19,Brand A,Delhi,3088.89
2023-02-19,Brand A,Bangalore,3888.89
2023-02-19,Brand A,Kolkata,3488.89
2023-02-19,Brand A,Chennai,3488.89
2023-02-19,Brand B,Mumbai,3288.89
2023-02-19,Brand B,Delhi,3088.89
2023-02-19,Brand B,Bangalore,3888.89
2023-02-19,Brand B,Kolkata,3488.89
2023-02-19,Brand B,Chennai,3488.89
2023-02-19,Brand C,Mumbai,3288.89
2023-02-19,Brand C,Delhi,3088.89
2023-02-19,Brand C,Bangalore,3888.89
2023-02-19,Brand C,Kolkata,3488.89
2023-02-19,Brand C,Chennai,3488.89
2023-02-20,Brand A,Mumbai,3311.11
2023-02-20,Brand A,Delhi,3111.11
2023-02-20,Brand A,Bangalore,3911.11
2023-02-20,Brand A,Kolkata,3511.11
2023-02-20,Brand A,Chennai,3511.11
2023-02-20,Brand B,Mumbai,3311.11
2023-02-20,Brand B,Delhi,3111.11
2023-02-20,Brand B,Bangalore,3911.11
2023-02-20,Brand B,Kolkata,3511.11
2023-02-20,Brand B,Chennai,3511.11
2023-02-20,Brand C,Mumbai,3311.11
2023-02-20,Brand C,Delhi,3111.11
2023-02-20,Brand C,Bangalore,3911.11
2023-02-20,Brand C,Kolkata,3511.11
2023-02-20,Brand C,Chennai,3511.11
2023-02-21,Brand A,Mumbai,3333.33
2023-02-21,Brand A,Delhi,3133.33
2023-02-21,Brand A,Bangalore,3933.33
2023-02-21,Brand A,Kolkata,3533.33
2023-02-21,Brand A,Chennai,3533.33
2023-02-21,Brand B,Mumbai,3333.33
2023-02-21,Brand B,Delhi,3133.33
2023-02-21,Brand B,Bangalore,3933.33
2023-02-21,Brand B,Kolkata,3533.33
2023-02-21,Brand B,Chennai,3533.33
2023-02-21,Brand C,Mumbai,3333.33
2023-02-21,Brand C,Delhi,3133.33
2023-02-21,Brand C,Bangalore,3933.33
2023-02-21,Brand C,Kolkata,3533.33
2023-02-21,Brand C,Chennai,3533.33
2023-02-22,Brand A,Mumbai,3355.56
2023-02-22,Brand A,Delhi,3155.56
2023-02-22,Brand A,Bangalore,3955.56
2023-02-22,Brand A,Kolkata,3555.56
2023-02-22,Brand A,Chennai,3555.56
2023-02-22,Brand B,Mumbai,3355.56
2023-02-22,Brand B,Delhi,3155.56
2023-02-22,Brand B,Bangalore,3955.56
2023-02-22,Brand B,Kolkata,3555.56
2023-02-22,Brand B,Chennai,3555.56
2023-02-22,Brand C,Mumbai,3355.56
2023-02-22,Brand C,Delhi,3155.56
2023-02-22,Brand C,Bangalore,3955.56
2023-02-22,Brand C,Kolkata,3555.56
2023-02-22,Brand C,Chennai,3555.56
2023-02-23,Brand A,Mumbai,3377.78
2023-02-23,Brand A,Delhi,3177.78
2023-02-23,Brand A,Bangalore,3977.78
2023-02-23,Brand A,Kolkata,3577.78
2023-02-23,Brand A,Chennai,3577.78
2023-02-23,Brand B,Mumbai,3377.78
2023-02-23,Brand B,Delhi,3177.78
2023-02-23,Brand B,Bangalore,3977.78
2023-02-23,Brand B,Kolkata,3577.78
2023-02-23,Brand B,Chennai,3577.78
2023-02-23,Brand C,Mumbai,3377.78
2023-02-23,Brand C,Delhi,3177.78
2023-02-23,Brand C,Bangalore,3977.78
2023-02-23,Brand C,Kolkata,3577.78
2023-02-23,Brand C,Chennai,3577.78
2023-02-24,Brand A,Mumbai,3400.0
2023-02-24,Brand A,Delhi,3200.0
2023-02-24,Brand A,Bangalore,4000.0
2023-02-24,Brand A,Kolkata,3600.0
2023-02-24,Brand A,Chennai,3600.0
2023-02-24,Brand B,Mumbai,3400.0
2023-02-24,Brand B,Delhi,3200.0
2023-02-24,Brand B,Bangalore,4000.0
2023-02-24,Brand B,Kolkata,3600.0
2023-02-24,Brand B,Chennai,3600.0
2023-02-24,Brand C,Mumbai,3400.0
2023-02-24,Brand C,Delhi,3200.0
2023-02-24,Brand C,Bangalore,4000.0
2023-02-24,Brand C,Kolkata,3600.0
2023-02-24,Brand C,Chennai,3600.0
2023-02-25,Brand A,Mumbai,3422.22
2023-02-25,Brand A,Delhi,3222.22
2023-02-25,Brand A,Bangalore,4022.22
2023-02-25,Brand A,Kolkata,3622.22
2023-02-25,Brand A,Chennai,3622.22
2023-02-25,Brand B,Mumbai,3422.22
2023-02-25,Brand B,Delhi,3222.22
2023-02-25,Brand B,Bangalore,4022.22
2023-02-25,Brand B,Kolkata,3622.22
2023-02-25,Brand B,Chennai,3622.22
2023-02-25,Brand C,Mumbai,3422.22
2023-02-25,Brand C,Delhi,3222.22
2023-02-25,Brand C,Bangalore,4022.22
2023-02-25,Brand C,Kolkata,3622.22
2023-02-25,Brand C,Chennai,3622.22
2023-02-26,Brand A,Mumbai,3444.44
2023-02-26,Brand A,Delhi,3244.44
2023-02-26,Brand A,Bangalore,4044.44
2023-02-26,Brand A,Kolkata,3644.44
2023-02-26,Brand A,Chennai,3644.44
2023-02-26,Brand B,Mumbai,3444.44
2023-02-26,Brand B,Delhi,3244.44
2023-02-26,Brand B,Bangalore,4044.44
2023-02-26,Brand B,Kolkata,3644.44
2023-02-26,Brand B,Chennai,3644.44
2023-02-26,Brand C,Mumbai,3444.44
2023-02-26,Brand C,Delhi,3244.44
2023-02-26,Brand C,Bangalore,4044.44
2023-02-26,Brand C,Kolkata,3644.44
2023-02-26,Brand C,Chennai,3644.44
2023-02-27,Brand A,Mumbai,3466.67
2023-02-27,Brand A,Delhi,3266.67
2023-02-27,Brand A,Bangalore,4066.67
2023-02-27,Brand A,Kolkata,3666.67
2023-02-27,Brand A,Chennai,3666.67
2023-02-27,Brand B,Mumbai,3466.67
2023-02-27,Brand B,Delhi,3266.67
2023-02-27,Brand B,Bangalore,4066.67
2023-02-27,Brand B,Kolkata,3666.67
2023-02-27,Brand B,Chennai,3666.67
2023-02-27,Brand C,Mumbai,3466.67
2023-02-27,Brand C,Delhi,3266.67
2023-02-27,Brand C,Bangalore,4066.67
2023-02-27,Brand C,Kolkata,3666.67
2023-02-27,Brand C,Chennai,3666.67
2023-02-28,Brand A,Mumbai,3488.89
2023-02-28,Brand A,Delhi,3288.89
2023-02-28,Brand A,Bangalore,4088.89
2023-02-28,Brand A,Kolkata,3688.89
2023-02-28,Brand A,Chennai,3688.89
2023-02-28,Brand B,Mumbai,3488.89
2023-02-28,Brand B,Delhi,3288.89
2023-02-28,Brand B,Bangalore,4088.89
2023-02-28,Brand B,Kolkata,3688.89
2023-02-28,Brand B,Chennai,3688.89
2023-02-28,Brand C,Mumbai,3488.89
2023-02-28,Brand C,Delhi,3288.89
2023-02-28,Brand C,Bangalore,4088.89
2023-02-28,Brand C,Kolkata,3688.89
2023-02-28,Brand C,Chennai,3688.89
2023-03-01,Brand A,Mumbai,3511.11
2023-03-01,Brand A,Delhi,3311.11
2023-03-01,Brand A,Bangalore,4111.11
2023-03-01,Brand A,Kolkata,3711.11
2023-03-01,Brand A,Chennai,3711.11
2023-03-01,Brand B,Mumbai,3511.11
2023-03-01,Brand B,Delhi,3311.11
2023-03-01,Brand B,Bangalore,4111.11
2023-03-01,Brand B,Kolkata,3711.11
2023-03-01,Brand B,Chennai,3711.11
2023-03-01,Brand C,Mumbai,3511.11
2023-03-01,Brand C,Delhi,3311.11
2023-03-01,Brand C,Bangalore,4111.11
2023-03-01,Brand C,Kolkata,3711.11
2023-03-01,Brand C,Chennai,3711.11
2023-03-02,Brand A,Mumbai,3533.33
2023-03-02,Brand A,Delhi,3333.33
2023-03-02,Brand A,Bangalore,4133.33
2023-03-02,Brand A,Kolkata,3733.33
2023-03-02,Brand A,Chennai,3733.33
2023-03-02,Brand B,Mumbai,3533.33
2023-03-02,Brand B,Delhi,3333.33
2023-03-02,Brand B,Bangalore,4133.33
2023-03-02,Brand B,Kolkata,3733.33
2023-03-02,Brand B,Chennai,3733.33
2023-03-02,Brand C,Mumbai,3533.33
2023-03-02,Brand C,Delhi,3333.33
2023-03-02,Brand C,Bangalore,4133.33
2023-03-02,Brand C,Kolkata,3733.33
2023-03-02,Brand C,Chennai,3733.33
2023-03-03,Brand A,Mumbai,3555.56
2023-03-03,Brand A,Delhi,3355.56
2023-03-03,Brand A,Bangalore,4155.56
2023-03-03,Brand A,Kolkata,3755.56
2023-03-03,Brand A,Chennai,3755.56
2023-03-03,Brand B,Mumbai,3555.56
2023-03-03,Brand B,Delhi,3355.56
2023-03-03,Brand B,Bangalore,4155.56
2023-03-03,Brand B,Kolkata,3755.56
2023-03-03,Brand B,Chennai,3755.56
2023-03-03,Brand C,Mumbai,3555.56
2023-03-03,Brand C,Delhi,3355.56
2023-03-03,Brand C,Bangalore,4155.56
2023-03-03,Brand C,Kolkata,3755.56
2023-03-03,Brand C,Chennai,3755.56
2023-03-04,Brand A,Mumbai,3577.78
2023-03-04,Brand A,Delhi,3377.78
2023-03-04,Brand A,Bangalore,4177.78
2023-03-04,Brand A,Kolkata,3777.78
2023-03-04,Brand A,Chennai,3777.78
2023-03-04,Brand B,Mumbai,3577.78
2023-03-04,Brand B,Delhi,3377.78
2023-03-04,Brand B,Bangalore,4177.78
2023-03-04,Brand B,Kolkata,3777.78
2023-03-04,Brand B,Chennai,3777.78
2023-03-04,Brand C,Mumbai,3577.78
2023-03-04,Brand C,Delhi,3377.78
2023-03-04,Brand C,Bangalore,4177.78
2023-03-04,Brand C,Kolkata,3777.78
2023-03-04,Brand C,Chennai,3777.78
2023-03-05,Brand A,Mumbai,3600.0
2023-03-05,Brand A,Delhi,3400.0
2023-03-05,Brand A,Bangalore,4200.0
2023-03-05,Brand A,Kolkata,3800.0
2023-03-05,Brand A,Chennai,3800.0
2023-03-05,Brand B,Mumbai,3600.0
2023-03-05,Brand B,Delhi,3400.0
2023-03-05,Brand B,Bangalore,4200.0
2023-03-05,Brand B,Kolkata,3800.0
2023-03-05,Brand B,Chennai,3800.0
2023-03-05,Brand C,Mumbai,3600.0
2023-03-05,Brand C,Delhi,3400.0
2023-03-05,Brand C,Bangalore,4200.0
2023-03-05,Brand C,Kolkata,3800.0
2023-03-05,Brand C,Chennai,3800.0
2023-03-06,Brand A,Mumbai,3622.22
2023-03-06,Brand A,Delhi,3422.22
2023-03-06,Brand A,Bangalore,4222.22
2023-03-06,Brand A,Kolkata,3822.22
2023-03-06,Brand A,Chennai,3822.22
2023-03-06,Brand B,Mumbai,3622.22
2023-03-06,Brand B,Delhi,3422.22
2023-03-06,Brand B,Bangalore,4222.22
2023-03-06,Brand B,Kolkata,3822.22
2023-03-06,Brand B,Chennai,3822.22
2023-03-06,Brand C,Mumbai,3622.22
2023-03-06,Brand C,Delhi,3422.22
2023-03-06,Brand C,Bangalore,4222.22
2023-03-06,Brand C,Kolkata,3822.22
2023-03-06,Brand C,Chennai,3822.22
2023-03-07,Brand A,Mumbai,3644.44
2023-03-07,Brand A,Delhi,3444.44
2023-03-07,Brand A,Bangalore,4244.44
2023-03-07,Brand A,Kolkata,3844.44
2023-03-07,Brand A,Chennai,3844.44
2023-03-07,Brand B,Mumbai,3644.44
2023-03-07,Brand B,Delhi,3444.44
2023-03-07,Brand B,Bangalore,4244.44
2023-03-07,Brand B,Kolkata,3844.44
2023-03-07,Brand B,Chennai,3844.44
2023-03-07,Brand C,Mumbai,3644.44
2023-03-07,Brand C,Delhi,3444.44
2023-03-07,Brand C,Bangalore,4244.44
2023-03-07,Brand C,Kolkata,3844.44
2023-03-07,Brand C,Chennai,3844.44
2023-03-08,Brand A,Mumbai,3666.67
2023-03-08,Brand A,Delhi,3466.67
2023-03-08,Brand A,Bangalore,4266.67
2023-03-08,Brand A,Kolkata,3866.67
2023-03-08,Brand A,Chennai,3866.67
2023-03-08,Brand B,Mumbai,3666.67
2023-03-08,Brand B,Delhi,3466.67
2023-03-08,Brand B,Bangalore,4266.67
2023-03-08,Brand B,Kolkata,3866.67
2023-03-08,Brand B,Chennai,3866.67
2023-03-08,Brand C,Mumbai,3666.67
2023-03-08,Brand C,Delhi,3466.67
2023-03-08,Brand C,Bangalore,4266.67
2023-03-08,Brand C,Kolkata,3866.67
2023-03-08,Brand C,Chennai,3866.67
2023-03-09,Brand A,Mumbai,3688.89
2023-03-09,Brand A,Delhi,3488.89
2023-03-09,Brand A,Bangalore,4288.89
2023-03-09,Brand A,Kolkata,3888.89
2023-03-09,Brand A,Chennai,3888.89
2023-03-09,Brand B,Mumbai,3688.89
2023-03-09,Brand B,Delhi,3488.89
2023-03-09,Brand B,Bangalore,4288.89
2023-03-09,Brand B,Kolkata,3888.89
2023-03-09,Brand B,Chennai,3888.89
2023-03-09,Brand C,Mumbai,3688.89
2023-03-09,Brand C,Delhi,3488.89
2023-03-09,Brand C,Bangalore,4288.89
2023-03-09,Brand C,Kolkata,3888.89
2023-03-09,Brand C,Chennai,3888.89
2023-03-10,Brand A,Mumbai,3711.11
2023-03-10,Brand A,Delhi,3511.11
2023-03-10,Brand A,Bangalore,4311.11
2023-03-10,Brand A,Kolkata,3911.11
2023-03-10,Brand A,Chennai,3911.11
2023-03-10,Brand B,Mumbai,3711.11
2023-03-10,Brand B,Delhi,3511.11
2023-03-10,Brand B,Bangalore,4311.11
2023-03-10,Brand B,Kolkata,3911.11
2023-03-10,Brand B,Chennai,3911.11
2023-03-10,Brand C,Mumbai,3711.11
2023-03-10,Brand C,Delhi,3511.11
2023-03-10,Brand C,Bangalore,4311.11
2023-03-10,Brand C,Kolkata,3911.11
2023-03-10,Brand C,Chennai,3911.11
2023-03-11,Brand A,Mumbai,3733.33
2023-03-11,Brand A,Delhi,3533.33
2023-03-11,Brand A,Bangalore,4333.33
2023-03-11,Brand A,Kolkata,3933.33
2023-03-11,Brand A,Chennai,3933.33
2023-03-11,Brand B,Mumbai,3733.33
2023-03-11,Brand B,Delhi,3533.33
2023-03-11,Brand B,Bangalore,4333.33
2023-03-11,Brand B,Kolkata,3933.33
2023-03-11,Brand B,Chennai,3933.33
2023-03-11,Brand C,Mumbai,3733.33
2023-03-11,Brand C,Delhi,3533.33
2023-03-11,Brand C,Bangalore,4333.33
2023-03-11,Brand C,Kolkata,3933.33
2023-03-11,Brand C,Chennai,3933.33
2023-03-12,Brand A,Mumbai,3755.56
2023-03-12,Brand A,Delhi,3555.56
2023-03-12,Brand A,Bangalore,4355.56
2023-03-12,Brand A,Kolkata,3955.56
2023-03-12,Brand A,Chennai,3955.56
2023-03-12,Brand B,Mumbai,3755.56
2023-03-12,Brand B,Delhi,3555.56
2023-03-12,Brand B,Bangalore,4355.56
2023-03-12,Brand B,Kolkata,3955.56
2023-03-12,Brand B,Chennai,3955.56
2023-03-12,Brand C,Mumbai,3755.56
2023-03-12,Brand C,Delhi,3555.56
2023-03-12,Brand C,Bangalore,4355.56
2023-03-12,Brand C,Kolkata,3955.56
2023-03-12,Brand C,Chennai,3955.56
2023-03-13,Brand A,Mumbai,3777.78
2023-03-13,Brand A,Delhi,3577.78
2023-03-13,Brand A,Bangalore,4377.78
2023-03-13,Brand A,Kolkata,3977.78
2023-03-13,Brand A,Chennai,3977.78
2023-03-13,Brand B,Mumbai,3777.78
2023-03-13,Brand B,Delhi,3577.78
2023-03-13,Brand B,Bangalore,4377.78
2023-03-13,Brand B,Kolkata,3977.78
2023-03-13,Brand B,Chennai,3977.78
2023-03-13,Brand C,Mumbai,3777.78
2023-03-13,Brand C,Delhi,3577.78
2023-03-13,Brand C,Bangalore,4377.78
2023-03-13,Brand C,Kolkata,3977.78
2023-03-13,Brand C,Chennai,3977.78
2023-03-14,Brand A,Mumbai,3800.0
2023-03-14,Brand A,Delhi,3600.0
2023-03-14,Brand A,Bangalore,4400.0
2023-03-14,Brand A,Kolkata,4000.0
2023-03-14,Brand A,Chennai,4000.0
2023-03-14,Brand B,Mumbai,3800.0
2023-03-14,Brand B,Delhi,3600.0
2023-03-14,Brand B,Bangalore,4400.0
2023-03-14,Brand B,Kolkata,4000.0
2023-03-14,Brand B,Chennai,4000.0
2023-03-14,Brand C,Mumbai,3800.0
2023-03-14,Brand C,Delhi,3600.0
2023-03-14,Brand C,Bangalore,4400.0
2023-03-14,Brand C,Kolkata,4000.0
2023-03-14,Brand C,Chennai,4000.0
2023-03-15,Brand A,Mumbai,3822.22
2023-03-15,Brand A,Delhi,3622.22
2023-03-15,Brand A,Bangalore,4422.22
2023-03-15,Brand A,Kolkata,4022.22
2023-03-15,Brand A,Chennai,4022.22
2023-03-15,Brand B,Mumbai,3822.22
2023-03-15,Brand B,Delhi,3622.22
2023-03-15,Brand B,Bangalore,4422.22
2023-03-15,Brand B,Kolkata,4022.22
2023-03-15,Brand B,Chennai,4022.22
2023-03-15,Brand C,Mumbai,3822.22
2023-03-15,Brand C,Delhi,3622.22
2023-03-15,Brand C,Bangalore,4422.22
2023-03-15,Brand C,Kolkata,4022.22
2023-03-15,Brand C,Chennai,4022.22
2023-03-16,Brand A,Mumbai,3844.44
2023-03-16,Brand A,Delhi,3644.44
2023-03-16,Brand A,Bangalore,4444.44
2023-03-16,Brand A,Kolkata,4044.44
2023-03-16,Brand A,Chennai,4044.44
2023-03-16,Brand B,Mumbai,3844.44
2023-03-16,Brand B,Delhi,3644.44
2023-03-16,Brand B,Bangalore,4444.44
2023-03-16,Brand B,Kolkata,4044.44
2023-03-16,Brand B,Chennai,4044.44
2023-03-16,Brand C,Mumbai,3844.44
2023-03-16,Brand C,Delhi,3644.44
2023-03-16,Brand C,Bangalore,4444.44
2023-03-16,Brand C,Kolkata,4044.44
2023-03-16,Brand C,Chennai,4044.44
2023-03-17,Brand A,Mumbai,3866.67
2023-03-17,Brand A,Delhi,3666.67
2023-03-17,Brand A,Bangalore,4466.67
2023-03-17,Brand A,Kolkata,4066.67
2023-03-17,Brand A,Chennai,4066.67
2023-03-17,Brand B,Mumbai,3866.67
2023-03-17,Brand B,Delhi,3666.67
2023-03-17,Brand B,Bangalore,4466.67
2023-03-17,Brand B,Kolkata,4066.67
2023-03-17,Brand B,Chennai,4066.67
2023-03-17,Brand C,Mumbai,3866.67
2023-03-17,Brand C,Delhi,3666.67
2023-03-17,Brand C,Bangalore,4466.67
2023-03-17,Brand C,Kolkata,4066.67
2023-03-17,Brand C,Chennai,4066.67
2023-03-18,Brand A,Mumbai,3888.89
2023-03-18,Brand A,Delhi,3688.89
2023-03-18,Brand A,Bangalore,4488.89
2023-03-18,Brand A,Kolkata,4088.89
2023-03-18,Brand A,Chennai,4088.89
2023-03-18,Brand B,Mumbai,3888.89
2023-03-18,Brand B,Delhi,3688.89
2023-03-18,Brand B,Bangalore,4488.89
2023-03-18,Brand B,Kolkata,4088.89
2023-03-18,Brand B,Chennai,4088.89
2023-03-18,Brand C,Mumbai,3888.89
2023-03-18,Brand C,Delhi,3688.89
2023-03-18,Brand C,Bangalore,4488.89
2023-03-18,Brand C,Kolkata,4088.89
2023-03-18,Brand C,Chennai,4088.89
2023-03-19,Brand A,Mumbai,3911.11
2023-03-19,Brand A,Delhi,3711.11
2023-03-19,Brand A,Bangalore,4511.11
2023-03-19,Brand A,Kolkata,4111.11
2023-03-19,Brand A,Chennai,4111.11
2023-03-19,Brand B,Mumbai,3911.11
2023-03-19,Brand B,Delhi,3711.11
2023-03-19,Brand B,Bangalore,4511.11
2023-03-19,Brand B,Kolkata,4111.11
2023-03-19,Brand B,Chennai,4111.11
2023-03-19,Brand C,Mumbai,3911.11
2023-03-19,Brand C,Delhi,3711.11
2023-03-19,Brand C,Bangalore,4511.11
2023-03-19,Brand C,Kolkata,4111.11
2023-03-19,Brand C,Chennai,4111.11
2023-03-20,Brand A,Mumbai,3933.33
2023-03-20,Brand A,Delhi,3733.33
2023-03-20,Brand A,Bangalore,4533.33
2023-03-20,Brand A,Kolkata,4133.33
2023-03-20,Brand A,Chennai,4133.33
2023-03-20,Brand B,Mumbai,3933.33
2023-03-20,Brand B,Delhi,3733.33
2023-03-20,Brand B,Bangalore,4533.33
2023-03-20,Brand B,Kolkata,4133.33
2023-03-20,Brand B,Chennai,4133.33
2023-03-20,Brand C,Mumbai,3933.33
2023-03-20,Brand C,Delhi,3733.33
2023-03-20,Brand C,Bangalore,4533.33
2023-03-20,Brand C,Kolkata,4133.33
2023-03-20,Brand C,Chennai,4133.33
2023-03-21,Brand A,Mumbai,3955.56
2023-03-21,Brand A,Delhi,3755.56
2023-03-21,Brand A,Bangalore,4555.56
2023-03-21,Brand A,Kolkata,4155.56
2023-03-21,Brand A,Chennai,4155.56
2023-03-21,Brand B,Mumbai,3955.56
2023-03-21,Brand B,Delhi,3755.56
2023-03-21,Brand B,Bangalore,4555.56
2023-03-21,Brand B,Kolkata,4155.56
2023-03-21,Brand B,Chennai,4155.56
2023-03-21,Brand C,Mumbai,3955.56
2023-03-21,Brand C,Delhi,3755.56
2023-03-21,Brand C,Bangalore,4555.56
2023-03-21,Brand C,Kolkata,4155.56
2023-03-21,Brand C,Chennai,4155.56
2023-03-22,Brand A,Mumbai,3977.78
2023-03-22,Brand A,Delhi,3777.78
2023-03-22,Brand A,Bangalore,4577.78
2023-03-22,Brand A,Kolkata,4177.78
2023-03-22,Brand A,Chennai,4177.78
2023-03-22,Brand B,Mumbai,3977.78
2023-03-22,Brand B,Delhi,3777.78
2023-03-22,Brand B,Bangalore,4577.78
2023-03-22,Brand B,Kolkata,4177.78
2023-03-22,Brand B,Chennai,4177.78
2023-03-22,Brand C,Mumbai,3977.78
2023-03-22,Brand C,Delhi,3777.78
2023-03-22,Brand C,Bangalore,4577.78
2023-03-22,Brand C,Kolkata,4177.78
2023-03-22,Brand C,Chennai,4177.78
2023-03-23,Brand A,Mumbai,4000.0
2023-03-23,Brand A,Delhi,3800.0
2023-03-23,Brand A,Bangalore,4600.0
2023-03-23,Brand A,Kolkata,4200.0
2023-03-23,Brand A,Chennai,4200.0
2023-03-23,Brand B,Mumbai,4000.0
2023-03-23,Brand B,Delhi,3800.0
2023-03-23,Brand B,Bangalore,4600.0
2023-03-23,Brand B,Kolkata,4200.0
2023-03-23,Brand B,Chennai,4200.0
2023-03-23,Brand C,Mumbai,4000.0
2023-03-23,Brand C,Delhi,3800.0
2023-03-23,Brand C,Bangalore,4600.0
2023-03-23,Brand C,Kolkata,4200.0
2023-03-23,Brand C,Chennai,4200.0
2023-03-24,Brand A,Mumbai,4022.22
2023-03-24,Brand A,Delhi,3822.22
2023-03-24,Brand A,Bangalore,4622.22
2023-03-24,Brand A,Kolkata,4222.22
2023-03-24,Brand A,Chennai,4222.22
2023-03-24,Brand B,Mumbai,4022.22
2023-03-24,Brand B,Delhi,3822.22
2023-03-24,Brand B,Bangalore,4622.22
2023-03-24,Brand B,Kolkata,4222.22
2023-03-24,Brand B,Chennai,4222.22
2023-03-24,Brand C,Mumbai,4022.22
2023-03-24,Brand C,Delhi,3822.22
2023-03-24,Brand C,Bangalore,4622.22
2023-03-24,Brand C,Kolkata,4222.22
2023-03-24,Brand C,Chennai,4222.22
2023-03-25,Brand A,Mumbai,4044.44
2023-03-25,Brand A,Delhi,3844.44
2023-03-25,Brand A,Bangalore,4644.44
2023-03-25,Brand A,Kolkata,4244.44
2023-03-25,Brand A,Chennai,4244.44
2023-03-25,Brand B,Mumbai,4044.44
2023-03-25,Brand B,Delhi,3844.44
2023-03-25,Brand B,Bangalore,4644.44
2023-03-25,Brand B,Kolkata,4244.44
2023-03-25,Brand B,Chennai,4244.44
2023-03-25,Brand C,Mumbai,4044.44
2023-03-25,Brand C,Delhi,3844.44
2023-03-25,Brand C,Bangalore,4644.44
2023-03-25,Brand C,Kolkata,4244.44
2023-03-25,Brand C,Chennai,4244.44
2023-03-26,Brand A,Mumbai,4066.67
2023-03-26,Brand A,Delhi,3866.67
2023-03-26,Brand A,Bangalore,4666.67
2023-03-26,Brand A,Kolkata,4266.67
2023-03-26,Brand A,Chennai,4266.67
2023-03-26,Brand B,Mumbai,4066.67
2023-03-26,Brand B,Delhi,3866.67
2023-03-26,Brand B,Bangalore,4666.67
2023-03-26,Brand B,Kolkata,4266.67
2023-03-26,Brand B,Chennai,4266.67
2023-03-26,Brand C,Mumbai,4066.67
2023-03-26,Brand C,Delhi,3866.67
2023-03-26,Brand C,Bangalore,4666.67
2023-03-26,Brand C,Kolkata,4266.67
2023-03-26,Brand C,Chennai,4266.67
2023-03-27,Brand A,Mumbai,4088.89
2023-03-27,Brand A,Delhi,3888.89
2023-03-27,Brand A,Bangalore,4688.89
2023-03-27,Brand A,Kolkata,4288.89
2023-03-27,Brand A,Chennai,4288.89
2023-03-27,Brand B,Mumbai,4088.89
2023-03-27,Brand B,Delhi,3888.89
2023-03-27,Brand B,Bangalore,4688.89
2023-03-27,Brand B,Kolkata,4288.89
2023-03-27,Brand B,Chennai,4288.89
2023-03-27,Brand C,Mumbai,4088.89
2023-03-27,Brand C,Delhi,3888.89
2023-03-27,Brand C,Bangalore,4688.89
2023-03-27,Brand C,Kolkata,4288.89
2023-03-27,Brand C,Chennai,4288.89
2023-03-28,Brand A,Mumbai,4111.11
2023-03-28,Brand A,Delhi,3911.11
2023-03-28,Brand A,Bangalore,4711.11
2023-03-28,Brand A,Kolkata,4311.11
2023-03-28,Brand A,Chennai,4311.11
2023-03-28,Brand B,Mumbai,4111.11
2023-03-28,Brand B,Delhi,3911.11
2023-03-28,Brand B,Bangalore,4711.11
2023-03-28,Brand B,Kolkata,4311.11
2023-03-28,Brand B,Chennai,4311.11
2023-03-28,Brand C,Mumbai,4111.11
2023-03-28,Brand C,Delhi,3911.11
2023-03-28,Brand C,Bangalore,4711.11
2023-03-28,Brand C,Kolkata,4311.11
2023-03-28,Brand C,Chennai,4311.11
2023-03-29,Brand A,Mumbai,4133.33
2023-03-29,Brand A,Delhi,3933.33
2023-03-29,Brand A,Bangalore,4733.33
2023-03-29,Brand A,Kolkata,4333.33
2023-03-29,Brand A,Chennai,4333.33
2023-03-29,Brand B,Mumbai,4133.33
2023-03-29,Brand B,Delhi,3933.33
2023-03-29,Brand B,Bangalore,4733.33
2023-03-29,Brand B,Kolkata,4333.33
2023-03-29,Brand B,Chennai,4333.33
2023-03-29,Brand C,Mumbai,4133.33
2023-03-29,Brand C,Delhi,3933.33
2023-03-29,Brand C,Bangalore,4733.33
2023-03-29,Brand C,Kolkata,4333.33
2023-03-29,Brand C,Chennai,4333.33
2023-03-30,Brand A,Mumbai,4155.56
2023-03-30,Brand A,Delhi,3955.56
2023-03-30,Brand A,Bangalore,4755.56
2023-03-30,Brand A,Kolkata,4355.56
2023-03-30,Brand A,Chennai,4355.56
2023-03-30,Brand B,Mumbai,4155.56
2023-03-30,Brand B,Delhi,3955.56
2023-03-30,Brand B,Bangalore,4755.56
2023-03-30,Brand B,Kolkata,4355.56
2023-03-30,Brand B,Chennai,4355.56
2023-03-30,Brand C,Mumbai,4155.56
2023-03-30,Brand C,Delhi,3955.56
2023-03-30,Brand C,Bangalore,4755.56
2023-03-30,Brand C,Kolkata,4355.56
2023-03-30,Brand C,Chennai,4355.56
2023-03-31,Brand A,Mumbai,4177.78
2023-03-31,Brand A,Delhi,3977.78
2023-03-31,Brand A,Bangalore,4777.78
2023-03-31,Brand A,Kolkata,4377.78
2023-03-31,Brand A,Chennai,4377.78
2023-03-31,Brand B,Mumbai,4177.78
2023-03-31,Brand B,Delhi,3977.78
2023-03-31,Brand B,Bangalore,4777.78
2023-03-31,Brand B,Kolkata,4377.78
2023-03-31,Brand B,Chennai,4377.78
2023-03-31,Brand C,Mumbai,4177.78
2023-03-31,Brand C,Delhi,3977.78
2023-03-31,Brand C,Bangalore,4777.78
2023-03-31,Brand C,Kolkata,4377.78
2023-03-31,Brand C,Chennai,4377.78
2023-04-01,Brand A,Mumbai,4200.0
2023-04-01,Brand A,Delhi,4000.0
2023-04-01,Brand A,Bangalore,4800.0
2023-04-01,Brand A,Kolkata,4400.0
2023-04-01,Brand A,Chennai,4400.0
2023-04-01,Brand B,Mumbai,4200.0
2023-04-01,Brand B,Delhi,4000.0
2023-04-01,Brand B,Bangalore,4800.0
2023-04-01,Brand B,Kolkata,4400.0
2023-04-01,Brand B,Chennai,4400.0
2023-04-01,Brand C,Mumbai,4200.0
2023-04-01,Brand C,Delhi,4000.0
2023-04-01,Brand C,Bangalore,4800.0
2023-04-01,Brand C,Kolkata,4400.0
2023-04-01,Brand C,Chennai,4400.0
2023-04-02,Brand A,Mumbai,4222.22
2023-04-02,Brand A,Delhi,4022.22
2023-04-02,Brand A,Bangalore,4822.22
2023-04-02,Brand A,Kolkata,4422.22
2023-04-02,Brand A,Chennai,4422.22
2023-04-02,Brand B,Mumbai,4222.22
2023-04-02,Brand B,Delhi,4022.22
2023-04-02,Brand B,Bangalore,4822.22
2023-04-02,Brand B,Kolkata,4422.22
2023-04-02,Brand B,Chennai,4422.22
2023-04-02,Brand C,Mumbai,4222.22
2023-04-02,Brand C,Delhi,4022.22
2023-04-02,Brand C,Bangalore,4822.22
2023-04-02,Brand C,Kolkata,4422.22
2023-04-02,Brand C,Chennai,4422.22
2023-04-03,Brand A,Mumbai,4244.44
2023-04-03,Brand A,Delhi,4044.44
2023-04-03,Brand A,Bangalore,4844.44
2023-04-03,Brand A,Kolkata,4444.44
2023-04-03,Brand A,Chennai,4444.44
2023-04-03,Brand B,Mumbai,4244.44
2023-04-03,Brand B,Delhi,4044.44
2023-04-03,Brand B,Bangalore,4844.44
2023-04-03,Brand B,Kolkata,4444.44
2023-04-03,Brand B,Chennai,4444.44
2023-04-03,Brand C,Mumbai,4244.44
2023-04-03,Brand C,Delhi,4044.44
2023-04-03,Brand C,Bangalore,4844.44
2023-04-03,Brand C,Kolkata,4444.44
2023-04-03,Brand C,Chennai,4444.44
2023-04-04,Brand A,Mumbai,4266.67
2023-04-04,Brand A,Delhi,4066.67
2023-04-04,Brand A,Bangalore,4866.67
2023-04-04,Brand A,Kolkata,4466.67
2023-04-04,Brand A,Chennai,4466.67
2023-04-04,Brand B,Mumbai,4266.67
2023-04-04,Brand B,Delhi,4066.67
2023-04-04,Brand B,Bangalore,4866.67
2023-04-04,Brand B,Kolkata,4466.67
2023-04-04,Brand B,Chennai,4466.67
2023-04-04,Brand C,Mumbai,4266.67
2023-04-04,Brand C,Delhi,4066.67
2023-04-04,Brand C,Bangalore,4866.67
2023-04-04,Brand C,Kolkata,4466.67
2023-04-04,Brand C,Chennai,4466.67
2023-04-05,Brand A,Mumbai,4288.89
2023-04-05,Brand A,Delhi,4088.89
2023-04-05,Brand A,Bangalore,4888.89
2023-04-05,Brand A,Kolkata,4488.89
2023-04-05,Brand A,Chennai,4488.89
2023-04-05,Brand B,Mumbai,4288.89
2023-04-05,Brand B,Delhi,4088.89
2023-04-05,Brand B,Bangalore,4888.89
2023-04-05,Brand B,Kolkata,4488.89
2023-04-05,Brand B,Chennai,4488.89
2023-04-05,Brand C,Mumbai,4288.89
2023-04-05,Brand C,Delhi,4088.89
2023-04-05,Brand C,Bangalore,4888.89
2023-04-05,Brand C,Kolkata,4488.89
2023-04-05,Brand C,Chennai,4488.89
2023-04-06,Brand A,Mumbai,4311.11
2023-04-06,Brand A,Delhi,4111.11
2023-04-06,Brand A,Bangalore,4911.11
2023-04-06,Brand A,Kolkata,4511.11
2023-04-06,Brand A,Chennai,4511.11
2023-04-06,Brand B,Mumbai,4311.11
2023-04-06,Brand B,Delhi,4111.11
2023-04-06,Brand B,Bangalore,4911.11
2023-04-06,Brand B,Kolkata,4511.11
2023-04-06,Brand B,Chennai,4511.11
2023-04-06,Brand C,Mumbai,4311.11
2023-04-06,Brand C,Delhi,4111.11
2023-04-06,Brand C,Bangalore,4911.11
2023-04-06,Brand C,Kolkata,4511.11
2023-04-06,Brand C,Chennai,4511.11
2023-04-07,Brand A,Mumbai,4333.33
2023-04-07,Brand A,Delhi,4133.33
2023-04-07,Brand A,Bangalore,4933.33
2023-04-07,Brand A,Kolkata,4533.33
2023-04-07,Brand A,Chennai,4533.33
2023-04-07,Brand B,Mumbai,4333.33
2023-04-07,Brand B,Delhi,4133.33
2023-04-07,Brand B,Bangalore,4933.33
2023-04-07,Brand B,Kolkata,4533.33
2023-04-07,Brand B,Chennai,4533.33
2023-04-07,Brand C,Mumbai,4333.33
2023-04-07,Brand C,Delhi,4133.33
2023-04-07,Brand C,Bangalore,4933.33
2023-04-07,Brand C,Kolkata,4533.33
2023-04-07,Brand C,Chennai,4533.33
2023-04-08,Brand A,Mumbai,4355.56
2023-04-08,Brand A,Delhi,4155.56
2023-04-08,Brand A,Bangalore,4955.56
2023-04-08,Brand A,Kolkata,4555.56
2023-04-08,Brand A,Chennai,4555.56
2023-04-08,Brand B,Mumbai,4355.56
2023-04-08,Brand B,Delhi,4155.56
2023-04-08,Brand B,Bangalore,4955.56
2023-04-08,Brand B,Kolkata,4555.56
2023-04-08,Brand B,Chennai,4555.56
2023-04-08,Brand C,Mumbai,4355.56
2023-04-08,Brand C,Delhi,4155.56
2023-04-08,Brand C,Bangalore,4955.56
2023-04-08,Brand C,Kolkata,4555.56
2023-04-08,Brand C,Chennai,4555.56
2023-04-09,Brand A,Mumbai,4377.78
2023-04-09,Brand A,Delhi,4177.78
2023-04-09,Brand A,Bangalore,4977.78
2023-04-09,Brand A,Kolkata,4577.78
2023-04-09,Brand A,Chennai,4577.78
2023-04-09,Brand B,Mumbai,4377.78
2023-04-09,Brand B,Delhi,4177.78
2023-04-09,Brand B,Bangalore,4977.78
2023-04-09,Brand B,Kolkata,4577.78
2023-04-09,Brand B,Chennai,4577.78
2023-04-09,Brand C,Mumbai,4377.78
2023-04-09,Brand C,Delhi,4177.78
2023-04-09,Brand C,Bangalore,4977.78
2023-04-09,Brand C,Kolkata,4577.78
2023-04-09,Brand C,Chennai,4577.78
2023-04-10,Brand A,Mumbai,4400.0
2023-04-10,Brand A,Delhi,4200.0
2023-04-10,Brand A,Bangalore,5000.0
2023-04-10,Brand A,Kolkata,4600.0
2023-04-10,Brand A,Chennai,4600.0
2023-04-10,Brand B,Mumbai,4400.0
2023-04-10,Brand B,Delhi,4200.0
2023-04-10,Brand B,Bangalore,5000.0
2023-04-10,Brand B,Kolkata,4600.0
2023-04-10,Brand B,Chennai,4600.0
2023-04-10,Brand C,Mumbai,4400.0
2023-04-10,Brand C,Delhi,4200.0
2023-04-10,Brand C,Bangalore,5000.0
2023-04-10,Brand C,Kolkata,4600.0
2023-04-10,Brand C,Chennai,4600.0
2023-04-11,Brand A,Mumbai,4422.22
2023-04-11,Brand A,Delhi,4222.22
2023-04-11,Brand A,Bangalore,5022.22
2023-04-11,Brand A,Kolkata,4622.22
2023-04-11,Brand A,Chennai,4622.22
2023-04-11,Brand B,Mumbai,4422.22
2023-04-11,Brand B,Delhi,4222.22
2023-04-11,Brand B,Bangalore,5022.22
2023-04-11,Brand B,Kolkata,4622.22
2023-04-11,Brand B,Chennai,4622.22
2023-04-11,Brand C,Mumbai,4422.22
2023-04-11,Brand C,Delhi,4222.22
2023-04-11,Brand C,Bangalore,5022.22
2023-04-11,Brand C,Kolkata,4622.22
2023-04-11,Brand C,Chennai,4622.22
2023-04-12,Brand A,Mumbai,4444.44
2023-04-12,Brand A,Delhi,4244.44
2023-04-12,Brand A,Bangalore,5044.44
2023-04-12,Brand A,Kolkata,4644.44
2023-04-12,Brand A,Chennai,4644.44
2023-04-12,Brand B,Mumbai,4444.44
2023-04-12,Brand B,Delhi,4244.44
2023-04-12,Brand B,Bangalore,5044.44
2023-04-12,Brand B,Kolkata,4644.44
2023-04-12,Brand B,Chennai,4644.44
2023-04-12,Brand C,Mumbai,4444.44
2023-04-12,Brand C,Delhi,4244.44
2023-04-12,Brand C,Bangalore,5044.44
2023-04-12,Brand C,Kolkata,4644.44
2023-04-12,Brand C,Chennai,4644.44
2023-04-13,Brand A,Mumbai,4466.67
2023-04-13,Brand A,Delhi,4266.67
2023-04-13,Brand A,Bangalore,5066.67
2023-04-13,Brand A,Kolkata,4666.67
2023-04-13,Brand A,Chennai,4666.67
2023-04-13,Brand B,Mumbai,4466.67
2023-04-13,Brand B,Delhi,4266.67
2023-04-13,Brand B,Bangalore,5066.67
2023-04-13,Brand B,Kolkata,4666.67
2023-04-13,Brand B,Chennai,4666.67
2023-04-13,Brand C,Mumbai,4466.67
2023-04-13,Brand C,Delhi,4266.67
2023-04-13,Brand C,Bangalore,5066.67
2023-04-13,Brand C,Kolkata,4666.67
2023-04-13,Brand C,Chennai,4666.67
2023-04-14,Brand A,Mumbai,4488.89
2023-04-14,Brand A,Delhi,4288.89
2023-04-14,Brand A,Bangalore,5088.89
2023-04-14,Brand A,Kolkata,4688.89
2023-04-14,Brand A,Chennai,4688.89
2023-04-14,Brand B,Mumbai,4488.89
2023-04-14,Brand B,Delhi,4288.89
2023-04-14,Brand B,Bangalore,5088.89
2023-04-14,Brand B,Kolkata,4688.89
2023-04-14,Brand B,Chennai,4688.89
2023-04-14,Brand C,Mumbai,4488.89
2023-04-14,Brand C,Delhi,4288.89
2023-04-14,Brand C,Bangalore,5088.89
2023-04-14,Brand C,Kolkata,4688.89
2023-04-14,Brand C,Chennai,4688.89
2023-04-15,Brand A,Mumbai,4511.11
2023-04-15,Brand A,Delhi,4311.11
2023-04-15,Brand A,Bangalore,5111.11
2023-04-15,Brand A,Kolkata,4711.11
2023-04-15,Brand A,Chennai,4711.11
2023-04-15,Brand B,Mumbai,4511.11
2023-04-15,Brand B,Delhi,4311.11
2023-04-15,Brand B,Bangalore,5111.11
2023-04-15,Brand B,Kolkata,4711.11
2023-04-15,Brand B,Chennai,4711.11
2023-04-15,Brand C,Mumbai,4511.11
2023-04-15,Brand C,Delhi,4311.11
2023-04-15,Brand C,Bangalore,5111.11
2023-04-15,Brand C,Kolkata,4711.11
2023-04-15,Brand C,Chennai,4711.11
2023-04-16,Brand A,Mumbai,4533.33
2023-04-16,Brand A,Delhi,4333.33
2023-04-16,Brand A,Bangalore,5133.33
2023-04-16,Brand A,Kolkata,4733.33
2023-04-16,Brand A,Chennai,4733.33
2023-04-16,Brand B,Mumbai,4533.33
2023-04-16,Brand B,Delhi,4333.33
2023-04-16,Brand B,Bangalore,5133.33
2023-04-16,Brand B,Kolkata,4733.33
2023-04-16,Brand B,Chennai,4733.33
2023-04-16,Brand C,Mumbai,4533.33
2023-04-16,Brand C,Delhi,4333.33
2023-04-16,Brand C,Bangalore,5133.33
2023-04-16,Brand C,Kolkata,4733.33
2023-04-16,Brand C,Chennai,4733.33
2023-04-17,Brand A,Mumbai,4555.56
2023-04-17,Brand A,Delhi,4355.56
2023-04-17,Brand A,Bangalore,5155.56
2023-04-17,Brand A,Kolkata,4755.56
2023-04-17,Brand A,Chennai,4755.56
2023-04-17,Brand B,Mumbai,4555.56
2023-04-17,Brand B,Delhi,4355.56
2023-04-17,Brand B,Bangalore,5155.56
2023-04-17,Brand B,Kolkata,4755.56
2023-04-17,Brand B,Chennai,4755.56
2023-04-17,Brand C,Mumbai,4555.56
2023-04-17,Brand C,Delhi,4355.56
2023-04-17,Brand C,Bangalore,5155.56
2023-04-17,Brand C,Kolkata,4755.56
2023-04-17,Brand C,Chennai,4755.56
2023-04-18,Brand A,Mumbai,4577.78
2023-04-18,Brand A,Delhi,4377.78
2023-04-18,Brand A,Bangalore,5177.78
2023-04-18,Brand A,Kolkata,4777.78
2023-04-18,Brand A,Chennai,4777.78
2023-04-18,Brand B,Mumbai,4577.78
2023-04-18,Brand B,Delhi,4377.78
2023-04-18,Brand B,Bangalore,5177.78
2023-04-18,Brand B,Kolkata,4777.78
2023-04-18,Brand B,Chennai,4777.78
2023-04-18,Brand C,Mumbai,4577.78
2023-04-18,Brand C,Delhi,4377.78
2023-04-18,Brand C,Bangalore,5177.78
2023-04-18,Brand C,Kolkata,4777.78
2023-04-18,Brand C,Chennai,4777.78
2023-04-19,Brand A,Mumbai,4600.0
2023-04-19,Brand A,Delhi,4400.0
2023-04-19,Brand A,Bangalore,5200.0
2023-04-19,Brand A,Kolkata,4800.0
2023-04-19,Brand A,Chennai,4800.0
2023-04-19,Brand B,Mumbai,4600.0
2023-04-19,Brand B,Delhi,4400.0
2023-04-19,Brand B,Bangalore,5200.0
2023-04-19,Brand B,Kolkata,4800.0
2023-04-19,Brand B,Chennai,4800.0
2023-04-19,Brand C,Mumbai,4600.0
2023-04-19,Brand C,Delhi,4400.0
2023-04-19,Brand C,Bangalore,5200.0
2023-04-19,Brand C,Kolkata,4800.0
2023-04-19,Brand C,Chennai,4800.0
2023-04-20,Brand A,Mumbai,4622.22
2023-04-20,Brand A,Delhi,4422.22
2023-04-20,Brand A,Bangalore,5222.22
2023-04-20,Brand A,Kolkata,4822.22
2023-04-20,Brand A,Chennai,4822.22
2023-04-20,Brand B,Mumbai,4622.22
2023-04-20,Brand B,Delhi,4422.22
2023-04-20,Brand B,Bangalore,5222.22
2023-04-20,Brand B,Kolkata,4822.22
2023-04-20,Brand B,Chennai,4822.22
2023-04-20,Brand C,Mumbai,4622.22
2023-04-20,Brand C,Delhi,4422.22
2023-04-20,Brand C,Bangalore,5222.22
2023-04-20,Brand C,Kolkata,4822.22
2023-04-20,Brand C,Chennai,4822.22
2023-04-21,Brand A,Mumbai,4644.44
2023-04-21,Brand A,Delhi,4444.44
2023-04-21,Brand A,Bangalore,5244.44
2023-04-21,Brand A,Kolkata,4844.44
2023-04-21,Brand A,Chennai,4844.44
2023-04-21,Brand B,Mumbai,4644.44
2023-04-21,Brand B,Delhi,4444.44
2023-04-21,Brand B,Bangalore,5244.44
2023-04-21,Brand B,Kolkata,4844.44
2023-04-21,Brand B,Chennai,4844.44
2023-04-21,Brand C,Mumbai,4644.44
2023-04-21,Brand C,Delhi,4444.44
2023-04-21,Brand C,Bangalore,5244.44
2023-04-21,Brand C,Kolkata,4844.44
2023-04-21,Brand C,Chennai,4844.44
2023-04-22,Brand A,Mumbai,4666.67
2023-04-22,Brand A,Delhi,4466.67
2023-04-22,Brand A,Bangalore,5266.67
2023-04-22,Brand A,Kolkata,4866.67
2023-04-22,Brand A,Chennai,4866.67
2023-04-22,Brand B,Mumbai,4666.67
2023-04-22,Brand B,Delhi,4466.67
2023-04-22,Brand B,Bangalore,5266.67
2023-04-22,Brand B,Kolkata,4866.67
2023-04-22,Brand B,Chennai,4866.67
2023-04-22,Brand C,Mumbai,4666.67
2023-04-22,Brand C,Delhi,4466.67
2023-04-22,Brand C,Bangalore,5266.67
2023-04-22,Brand C,Kolkata,4866.67
2023-04-22,Brand C,Chennai,4866.67
2023-04-23,Brand A,Mumbai,4688.89
2023-04-23,Brand A,Delhi,4488.89
2023-04-23,Brand A,Bangalore,5288.89
2023-04-23,Brand A,Kolkata,4888.89
2023-04-23,Brand A,Chennai,4888.89
2023-04-23,Brand B,Mumbai,4688.89
2023-04-23,Brand B,Delhi,4488.89
2023-04-23,Brand B,Bangalore,5288.89
2023-04-23,Brand B,Kolkata,4888.89
2023-04-23,Brand B,Chennai,4888.89
2023-04-23,Brand C,Mumbai,4688.89
2023-04-23,Brand C,Delhi,4488.89
2023-04-23,Brand C,Bangalore,5288.89
2023-04-23,Brand C,Kolkata,4888.89
2023-04-23,Brand C,Chennai,4888.89
2023-04-24,Brand A,Mumbai,4711.11
2023-04-24,Brand A,Delhi,4511.11
2023-04-24,Brand A,Bangalore,5311.11
2023-04-24,Brand A,Kolkata,4911.11
2023-04-24,Brand A,Chennai,4911.11
2023-04-24,Brand B,Mumbai,4711.11
2023-04-24,Brand B,Delhi,4511.11
2023-04-24,Brand B,Bangalore,5311.11
2023-04-24,Brand B,Kolkata,4911.11
2023-04-24,Brand B,Chennai,4911.11
2023-04-24,Brand C,Mumbai,4711.11
2023-04-24,Brand C,Delhi,4511.11
2023-04-24,Brand C,Bangalore,5311.11
2023-04-24,Brand C,Kolkata,4911.11
2023-04-24,Brand C,Chennai,4911.11
2023-04-25,Brand A,Mumbai,4733.33
2023-04-25,Brand A,Delhi,4533.33
2023-04-25,Brand A,Bangalore,5333.33
2023-04-25,Brand A,Kolkata,4933.33
2023-04-25,Brand A,Chennai,4933.33
2023-04-25,Brand B,Mumbai,4733.33
2023-04-25,Brand B,Delhi,4533.33
2023-04-25,Brand B,Bangalore,5333.33
2023-04-25,Brand B,Kolkata,4933.33
2023-04-25,Brand B,Chennai,4933.33
2023-04-25,Brand C,Mumbai,4733.33
2023-04-25,Brand C,Delhi,4533.33
2023-04-25,Brand C,Bangalore,5333.33
2023-04-25,Brand C,Kolkata,4933.33
2023-04-25,Brand C,Chennai,4933.33
2023-04-26,Brand A,Mumbai,4755.56
2023-04-26,Brand A,Delhi,4555.56
2023-04-26,Brand A,Bangalore,5355.56
2023-04-26,Brand A,Kolkata,4955.56
2023-04-26,Brand A,Chennai,4955.56
2023-04-26,Brand B,Mumbai,4755.56
2023-04-26,Brand B,Delhi,4555.56
2023-04-26,Brand B,Bangalore,5355.56
2023-04-26,Brand B,Kolkata,4955.56
2023-04-26,Brand B,Chennai,4955.56
2023-04-26,Brand C,Mumbai,4755.56
2023-04-26,Brand C,Delhi,4555.56
2023-04-26,Brand C,Bangalore,5355.56
2023-04-26,Brand C,Kolkata,4955.56
2023-04-26,Brand C,Chennai,4955.56
2023-04-27,Brand A,Mumbai,4777.78
2023-04-27,Brand A,Delhi,4577.78
2023-04-27,Brand A,Bangalore,5377.78
2023-04-27,Brand A,Kolkata,4977.78
2023-04-27,Brand A,Chennai,4977.78
2023-04-27,Brand B,Mumbai,4777.78
2023-04-27,Brand B,Delhi,4577.78
2023-04-27,Brand B,Bangalore,5377.78
2023-04-27,Brand B,Kolkata,4977.78
2023-04-27,Brand B,Chennai,4977.78
2023-04-27,Brand C,Mumbai,4777.78
2023-04-27,Brand C,Delhi,4577.78
2023-04-27,Brand C,Bangalore,5377.78
2023-04-27,Brand C,Kolkata,4977.78
2023-04-27,Brand C,Chennai,4977.78
2023-04-28,Brand A,Mumbai,4800.0
2023-04-28,Brand A,Delhi,4600.0
2023-04-28,Brand A,Bangalore,5400.0
2023-04-28,Brand A,Kolkata,5000.0
2023-04-28,Brand A,Chennai,5000.0
2023-04-28,Brand B,Mumbai,4800.0
2023-04-28,Brand B,Delhi,4600.0
2023-04-28,Brand B,Bangalore,5400.0
2023-04-28,Brand B,Kolkata,5000.0
2023-04-28,Brand B,Chennai,5000.0
2023-04-28,Brand C,Mumbai,4800.0
2023-04-28,Brand C,Delhi,4600.0
2023-04-28,Brand C,Bangalore,5400.0
2023-04-28,Brand C,Kolkata,5000.0
2023-04-28,Brand C,Chennai,5000.0
2023-04-29,Brand A,Mumbai,4822.22
2023-04-29,Brand A,Delhi,4622.22
2023-04-29,Brand A,Bangalore,5422.22
2023-04-29,Brand A,Kolkata,5022.22
2023-04-29,Brand A,Chennai,5022.22
2023-04-29,Brand B,Mumbai,4822.22
2023-04-29,Brand B,Delhi,4622.22
2023-04-29,Brand B,Bangalore,5422.22
2023-04-29,Brand B,Kolkata,5022.22
2023-04-29,Brand B,Chennai,5022.22
2023-04-29,Brand C,Mumbai,4822.22
2023-04-29,Brand C,Delhi,4622.22
2023-04-29,Brand C,Bangalore,5422.22
2023-04-29,Brand C,Kolkata,5022.22
2023-04-29,Brand C,Chennai,5022.22
2023-04-30,Brand A,Mumbai,4844.44
2023-04-30,Brand A,Delhi,4644.44
2023-04-30,Brand A,Bangalore,5444.44
2023-04-30,Brand A,Kolkata,5044.44
2023-04-30,Brand A,Chennai,5044.44
2023-04-30,Brand B,Mumbai,4844.44
2023-04-30,Brand B,Delhi,4644.44
2023-04-30,Brand B,Bangalore,5444.44
2023-04-30,Brand B,Kolkata,5044.44
2023-04-30,Brand B,Chennai,5044.44
2023-04-30,Brand C,Mumbai,4844.44
2023-04-30,Brand C,Delhi,4644.44
2023-04-30,Brand C,Bangalore,5444.44
2023-04-30,Brand C,Kolkata,5044.44
2023-04-30,Brand C,Chennai,5044.44
2023-05-01,Brand A,Mumbai,4866.67
2023-05-01,Brand A,Delhi,4666.67
2023-05-01,Brand A,Bangalore,5466.67
2023-05-01,Brand A,Kolkata,5066.67
2023-05-01,Brand A,Chennai,5066.67
2023-05-01,Brand B,Mumbai,4866.67
2023-05-01,Brand B,Delhi,4666.67
2023-05-01,Brand B,Bangalore,5466.67
2023-05-01,Brand B,Kolkata,5066.67
2023-05-01,Brand B,Chennai,5066.67
2023-05-01,Brand C,Mumbai,4866.67
2023-05-01,Brand C,Delhi,4666.67
2023-05-01,Brand C,Bangalore,5466.67
2023-05-01,Brand C,Kolkata,5066.67
2023-05-01,Brand C,Chennai,5066.67
2023-05-02,Brand A,Mumbai,4888.89
2023-05-02,Brand A,Delhi,4688.89
2023-05-02,Brand A,Bangalore,5488.89
2023-05-02,Brand A,Kolkata,5088.89
2023-05-02,Brand A,Chennai,5088.89
2023-05-02,Brand B,Mumbai,4888.89
2023-05-02,Brand B,Delhi,4688.89
2023-05-02,Brand B,Bangalore,5488.89
2023-05-02,Brand B,Kolkata,5088.89
2023-05-02,Brand B,Chennai,5088.89
2023-05-02,Brand C,Mumbai,4888.89
2023-05-02,Brand C,Delhi,4688.89
2023-05-02,Brand C,Bangalore,5488.89
2023-05-02,Brand C,Kolkata,5088.89
2023-05-02,Brand C,Chennai,5088.89
2023-05-03,Brand A,Mumbai,4911.11
2023-05-03,Brand A,Delhi,4711.11
2023-05-03,Brand A,Bangalore,5511.11
2023-05-03,Brand A,Kolkata,5111.11
2023-05-03,Brand A,Chennai,5111.11
2023-05-03,Brand B,Mumbai,4911.11
2023-05-03,Brand B,Delhi,4711.11
2023-05-03,Brand B,Bangalore,5511.11
2023-05-03,Brand B,Kolkata,5111.11
2023-05-03,Brand B,Chennai,5111.11
2023-05-03,Brand C,Mumbai,4911.11
2023-05-03,Brand C,Delhi,4711.11
2023-05-03,Brand C,Bangalore,5511.11
2023-05-03,Brand C,Kolkata,5111.11
2023-05-03,Brand C,Chennai,5111.11
2023-05-04,Brand A,Mumbai,4933.33
2023-05-04,Brand A,Delhi,4733.33
2023-05-04,Brand A,Bangalore,5533.33
2023-05-04,Brand A,Kolkata,5133.33
2023-05-04,Brand A,Chennai,5133.33
2023-05-04,Brand B,Mumbai,4933.33
2023-05-04,Brand B,Delhi,4733.33
2023-05-04,Brand B,Bangalore,5533.33
2023-05-04,Brand B,Kolkata,5133.33
2023-05-04,Brand B,Chennai,5133.33
2023-05-04,Brand C,Mumbai,4933.33
2023-05-04,Brand C,Delhi,4733.33
2023-05-04,Brand C,Bangalore,5533.33
2023-05-04,Brand C,Kolkata,5133.33
2023-05-04,Brand C,Chennai,5133.33
2023-05-05,Brand A,Mumbai,4955.56
2023-05-05,Brand A,Delhi,4755.56
2023-05-05,Brand A,Bangalore,5555.56
2023-05-05,Brand A,Kolkata,5155.56
2023-05-05,Brand A,Chennai,5155.56
2023-05-05,Brand B,Mumbai,4955.56
2023-05-05,Brand B,Delhi,4755.56
2023-05-05,Brand B,Bangalore,5555.56
2023-05-05,Brand B,Kolkata,5155.56
2023-05-05,Brand B,Chennai,5155.56
2023-05-05,Brand C,Mumbai,4955.56
2023-05-05,Brand C,Delhi,4755.56
2023-05-05,Brand C,Bangalore,5555.56
2023-05-05,Brand C,Kolkata,5155.56
2023-05-05,Brand C,Chennai,5155.56
2023-05-06,Brand A,Mumbai,4977.78
2023-05-06,Brand A,Delhi,4777.78
2023-05-06,Brand A,Bangalore,5577.78
2023-05-06,Brand A,Kolkata,5177.78
2023-05-06,Brand A,Chennai,5177.78
2023-05-06,Brand B,Mumbai,4977.78
2023-05-06,Brand B,Delhi,4777.78
2023-05-06,Brand B,Bangalore,5577.78
2023-05-06,Brand B,Kolkata,5177.78
2023-05-06,Brand B,Chennai,5177.78
2023-05-06,Brand C,Mumbai,4977.78
2023-05-06,Brand C,Delhi,4777.78
2023-05-06,Brand C,Bangalore,5577.78
2023-05-06,Brand C,Kolkata,5177.78
2023-05-06,Brand C,Chennai,5177.78
2023-05-07,Brand A,Mumbai,5000.0
2023-05-07,Brand A,Delhi,4800.0
2023-05-07,Brand A,Bangalore,5600.0
2023-05-07,Brand A,Kolkata,5200.0
2023-05-07,Brand A,Chennai,5200.0
2023-05-07,Brand B,Mumbai,5000.0
2023-05-07,Brand B,Delhi,4800.0
2023-05-07,Brand B,Bangalore,5600.0
2023-05-07,Brand B,Kolkata,5200.0
2023-05-07,Brand B,Chennai,5200.0
2023-05-07,Brand C,Mumbai,5000.0
2023-05-07,Brand C,Delhi,4800.0
2023-05-07,Brand C,Bangalore,5600.0
2023-05-07,Brand C,Kolkata,5200.0
2023-05-07,Brand C,Chennai,5200.0
2023-05-08,Brand A,Mumbai,5022.22
2023-05-08,Brand A,Delhi,4822.22
2023-05-08,Brand A,Bangalore,5622.22
2023-05-08,Brand A,Kolkata,5222.22
2023-05-08,Brand A,Chennai,5222.22
2023-05-08,Brand B,Mumbai,5022.22
2023-05-08,Brand B,Delhi,4822.22
2023-05-08,Brand B,Bangalore,5622.22
2023-05-08,Brand B,Kolkata,5222.22
2023-05-08,Brand B,Chennai,5222.22
2023-05-08,Brand C,Mumbai,5022.22
2023-05-08,Brand C,Delhi,4822.22
2023-05-08,Brand C,Bangalore,5622.22
2023-05-08,Brand C,Kolkata,5222.22
2023-05-08,Brand C,Chennai,5222.22
2023-05-09,Brand A,Mumbai,5044.44
2023-05-09,Brand A,Delhi,4844.44
2023-05-09,Brand A,Bangalore,5644.44
2023-05-09,Brand A,Kolkata,5244.44
2023-05-09,Brand A,Chennai,5244.44
2023-05-09,Brand B,Mumbai,5044.44
2023-05-09,Brand B,Delhi,4844.44
2023-05-09,Brand B,Bangalore,5644.44
2023-05-09,Brand B,Kolkata,5244.44
2023-05-09,Brand B,Chennai,5244.44
2023-05-09,Brand C,Mumbai,5044.44
2023-05-09,Brand C,Delhi,4844.44
2023-05-09,Brand C,Bangalore,5644.44
2023-05-09,Brand C,Kolkata,5244.44
2023-05-09,Brand C,Chennai,5244.44
2023-05-10,Brand A,Mumbai,5066.67
2023-05-10,Brand A,Delhi,4866.67
2023-05-10,Brand A,Bangalore,5666.67
2023-05-10,Brand A,Kolkata,5266.67
2023-05-10,Brand A,Chennai,5266.67
2023-05-10,Brand B,Mumbai,5066.67
2023-05-10,Brand B,Delhi,4866.67
2023-05-10,Brand B,Bangalore,5666.67
2023-05-10,Brand B,Kolkata,5266.67
2023-05-10,Brand B,Chennai,5266.67
2023-05-10,Brand C,Mumbai,5066.67
2023-05-10,Brand C,Delhi,4866.67
2023-05-10,Brand C,Bangalore,5666.67
2023-05-10,Brand C,Kolkata,5266.67
2023-05-10,Brand C,Chennai,5266.67
2023-05-11,Brand A,Mumbai,5088.89
2023-05-11,Brand A,Delhi,4888.89
2023-05-11,Brand A,Bangalore,5688.89
2023-05-11,Brand A,Kolkata,5288.89
2023-05-11,Brand A,Chennai,5288.89
2023-05-11,Brand B,Mumbai,5088.89
2023-05-11,Brand B,Delhi,4888.89
2023-05-11,Brand B,Bangalore,5688.89
2023-05-11,Brand B,Kolkata,5288.89
2023-05-11,Brand B,Chennai,5288.89
2023-05-11,Brand C,Mumbai,5088.89
2023-05-11,Brand C,Delhi,4888.89
2023-05-11,Brand C,Bangalore,5688.89
2023-05-11,Brand C,Kolkata,5288.89
2023-05-11,Brand C,Chennai,5288.89
2023-05-12,Brand A,Mumbai,5111.11
2023-05-12,Brand A,Delhi,4911.11
2023-05-12,Brand A,Bangalore,5711.11
2023-05-12,Brand A,Kolkata,5311.11
2023-05-12,Brand A,Chennai,5311.11
2023-05-12,Brand B,Mumbai,5111.11
2023-05-12,Brand B,Delhi,4911.11
2023-05-12,Brand B,Bangalore,5711.11
2023-05-12,Brand B,Kolkata,5311.11
2023-05-12,Brand B,Chennai,5311.11
2023-05-12,Brand C,Mumbai,5111.11
2023-05-12,Brand C,Delhi,4911.11
2023-05-12,Brand C,Bangalore,5711.11
2023-05-12,Brand C,Kolkata,5311.11
2023-05-12,Brand C,Chennai,5311.11
2023-05-13,Brand A,Mumbai,5133.33
2023-05-13,Brand A,Delhi,4933.33
2023-05-13,Brand A,Bangalore,5733.33
2023-05-13,Brand A,Kolkata,5333.33
2023-05-13,Brand A,Chennai,5333.33
2023-05-13,Brand B,Mumbai,5133.33
2023-05-13,Brand B,Delhi,4933.33
2023-05-13,Brand B,Bangalore,5733.33
2023-05-13,Brand B,Kolkata,5333.33
2023-05-13,Brand B,Chennai,5333.33
2023-05-13,Brand C,Mumbai,5133.33
2023-05-13,Brand C,Delhi,4933.33
2023-05-13,Brand C,Bangalore,5733.33
2023-05-13,Brand C,Kolkata,5333.33
2023-05-13,Brand C,Chennai,5333.33
2023-05-14,Brand A,Mumbai,5155.56
2023-05-14,Brand A,Delhi,4955.56
2023-05-14,Brand A,Bangalore,5755.56
2023-05-14,Brand A,Kolkata,5355.56
2023-05-14,Brand A,Chennai,5355.56
2023-05-14,Brand B,Mumbai,5155.56
2023-05-14,Brand B,Delhi,4955.56
2023-05-14,Brand B,Bangalore,5755.56
2023-05-14,Brand B,Kolkata,5355.56
2023-05-14,Brand B,Chennai,5355.56
2023-05-14,Brand C,Mumbai,5155.56
2023-05-14,Brand C,Delhi,4955.56
2023-05-14,Brand C,Bangalore,5755.56
2023-05-14,Brand C,Kolkata,5355.56
2023-05-14,Brand C,Chennai,5355.56
2023-05-15,Brand A,Mumbai,5177.78
2023-05-15,Brand A,Delhi,4977.78
2023-05-15,Brand A,Bangalore,5777.78
2023-05-15,Brand A,Kolkata,5377.78
2023-05-15,Brand A,Chennai,5377.78
2023-05-15,Brand B,Mumbai,5177.78
2023-05-15,Brand B,Delhi,4977.78
2023-05-15,Brand B,Bangalore,5777.78
2023-05-15,Brand B,Kolkata,5377.78
2023-05-15,Brand B,Chennai,5377.78
2023-05-15,Brand C,Mumbai,5177.78
2023-05-15,Brand C,Delhi,4977.78
2023-05-15,Brand C,Bangalore,5777.78
2023-05-15,Brand C,Kolkata,5377.78
2023-05-15,Brand C,Chennai,5377.78
2023-05-16,Brand A,Mumbai,5200.0
2023-05-16,Brand A,Delhi,5000.0
2023-05-16,Brand A,Bangalore,5800.0
2023-05-16,Brand A,Kolkata,5400.0
2023-05-16,Brand A,Chennai,5400.0
2023-05-16,Brand B,Mumbai,5200.0
2023-05-16,Brand B,Delhi,5000.0
2023-05-16,Brand B,Bangalore,5800.0
2023-05-16,Brand B,Kolkata,5400.0
2023-05-16,Brand B,Chennai,5400.0
2023-05-16,Brand C,Mumbai,5200.0
2023-05-16,Brand C,Delhi,5000.0
2023-05-16,Brand C,Bangalore,5800.0
2023-05-16,Brand C,Kolkata,5400.0
2023-05-16,Brand C,Chennai,5400.0
2023-05-17,Brand A,Mumbai,5222.22
2023-05-17,Brand A,Delhi,5022.22
2023-05-17,Brand A,Bangalore,5822.22
2023-05-17,Brand A,Kolkata,5422.22
2023-05-17,Brand A,Chennai,5422.22
2023-05-17,Brand B,Mumbai,5222.22
2023-05-17,Brand B,Delhi,5022.22
2023-05-17,Brand B,Bangalore,5822.22
2023-05-17,Brand B,Kolkata,5422.22
2023-05-17,Brand B,Chennai,5422.22
2023-05-17,Brand C,Mumbai,5222.22
2023-05-17,Brand C,Delhi,5022.22
2023-05-17,Brand C,Bangalore,5822.22
2023-05-17,Brand C,Kolkata,5422.22
2023-05-17,Brand C,Chennai,5422.22
2023-05-18,Brand A,Mumbai,5244.44
2023-05-18,Brand A,Delhi,5044.44
2023-05-18,Brand A,Bangalore,5844.44
2023-05-18,Brand A,Kolkata,5444.44
2023-05-18,Brand A,Chennai,5444.44
2023-05-18,Brand B,Mumbai,5244.44
2023-05-18,Brand B,Delhi,5044.44
2023-05-18,Brand B,Bangalore,5844.44
2023-05-18,Brand B,Kolkata,5444.44
2023-05-18,Brand B,Chennai,5444.44
2023-05-18,Brand C,Mumbai,5244.44
2023-05-18,Brand C,Delhi,5044.44
2023-05-18,Brand C,Bangalore,5844.44
2023-05-18,Brand C,Kolkata,5444.44
2023-05-18,Brand C,Chennai,5444.44
2023-05-19,Brand A,Mumbai,5266.67
2023-05-19,Brand A,Delhi,5066.67
2023-05-19,Brand A,Bangalore,5866.67
2023-05-19,Brand A,Kolkata,5466.67
2023-05-19,Brand A,Chennai,5466.67
2023-05-19,Brand B,Mumbai,5266.67
2023-05-19,Brand B,Delhi,5066.67
2023-05-19,Brand B,Bangalore,5866.67
2023-05-19,Brand B,Kolkata,5466.67
2023-05-19,Brand B,Chennai,5466.67
2023-05-19,Brand C,Mumbai,5266.67
2023-05-19,Brand C,Delhi,5066.67
2023-05-19,Brand C,Bangalore,5866.67
2023-05-19,Brand C,Kolkata,5466.67
2023-05-19,Brand C,Chennai,5466.67
2023-05-20,Brand A,Mumbai,5288.89
2023-05-20,Brand A,Delhi,5088.89
2023-05-20,Brand A,Bangalore,5888.89
2023-05-20,Brand A,Kolkata,5488.89
2023-05-20,Brand A,Chennai,5488.89
2023-05-20,Brand B,Mumbai,5288.89
2023-05-20,Brand B,Delhi,5088.89
2023-05-20,Brand B,Bangalore,5888.89
2023-05-20,Brand B,Kolkata,5488.89
2023-05-20,Brand B,Chennai,5488.89
2023-05-20,Brand C,Mumbai,5288.89
2023-05-20,Brand C,Delhi,5088.89
2023-05-20,Brand C,Bangalore,5888.89
2023-05-20,Brand C,Kolkata,5488.89
2023-05-20,Brand C,Chennai,5488.89
2023-05-21,Brand A,Mumbai,5311.11
2023-05-21,Brand A,Delhi,5111.11
2023-05-21,Brand A,Bangalore,5911.11
2023-05-21,Brand A,Kolkata,5511.11
2023-05-21,Brand A,Chennai,5511.11
2023-05-21,Brand B,Mumbai,5311.11
2023-05-21,Brand B,Delhi,5111.11
2023-05-21,Brand B,Bangalore,5911.11
2023-05-21,Brand B,Kolkata,5511.11
2023-05-21,Brand B,Chennai,5511.11
2023-05-21,Brand C,Mumbai,5311.11
2023-05-21,Brand C,Delhi,5111.11
2023-05-21,Brand C,Bangalore,5911.11
2023-05-21,Brand C,Kolkata,5511.11
2023-05-21,Brand C,Chennai,5511.11
2023-05-22,Brand A,Mumbai,5333.33
2023-05-22,Brand A,Delhi,5133.33
2023-05-22,Brand A,Bangalore,5933.33
2023-05-22,Brand A,Kolkata,5533.33
2023-05-22,Brand A,Chennai,5533.33
2023-05-22,Brand B,Mumbai,5333.33
2023-05-22,Brand B,Delhi,5133.33
2023-05-22,Brand B,Bangalore,5933.33
2023-05-22,Brand B,Kolkata,5533.33
2023-05-22,Brand B,Chennai,5533.33
2023-05-22,Brand C,Mumbai,5333.33
2023-05-22,Brand C,Delhi,5133.33
2023-05-22,Brand C,Bangalore,5933.33
2023-05-22,Brand C,Kolkata,5533.33
2023-05-22,Brand C,Chennai,5533.33
2023-05-23,Brand A,Mumbai,5355.56
2023-05-23,Brand A,Delhi,5155.56
2023-05-23,Brand A,Bangalore,5955.56
2023-05-23,Brand A,Kolkata,5555.56
2023-05-23,Brand A,Chennai,5555.56
2023-05-23,Brand B,Mumbai,5355.56
2023-05-23,Brand B,Delhi,5155.56
2023-05-23,Brand B,Bangalore,5955.56
2023-05-23,Brand B,Kolkata,5555.56
2023-05-23,Brand B,Chennai,5555.56
2023-05-23,Brand C,Mumbai,5355.56
2023-05-23,Brand C,Delhi,5155.56
2023-05-23,Brand C,Bangalore,5955.56
2023-05-23,Brand C,Kolkata,5555.56
2023-05-23,Brand C,Chennai,5555.56
2023-05-24,Brand A,Mumbai,5377.78
2023-05-24,Brand A,Delhi,5177.78
2023-05-24,Brand A,Bangalore,5977.78
2023-05-24,Brand A,Kolkata,5577.78
2023-05-24,Brand A,Chennai,5577.78
2023-05-24,Brand B,Mumbai,5377.78
2023-05-24,Brand B,Delhi,5177.78
2023-05-24,Brand B,Bangalore,5977.78
2023-05-24,Brand B,Kolkata,5577.78
2023-05-24,Brand B,Chennai,5577.78
2023-05-24,Brand C,Mumbai,5377.78
2023-05-24,Brand C,Delhi,5177.78
2023-05-24,Brand C,Bangalore,5977.78
2023-05-24,Brand C,Kolkata,5577.78
2023-05-24,Brand C,Chennai,5577.78
2023-05-25,Brand A,Mumbai,5400.0
2023-05-25,Brand A,Delhi,5200.0
2023-05-25,Brand A,Bangalore,6000.0
2023-05-25,Brand A,Kolkata,5600.0
2023-05-25,Brand A,Chennai,5600.0
2023-05-25,Brand B,Mumbai,5400.0
2023-05-25,Brand B,Delhi,5200.0
2023-05-25,Brand B,Bangalore,6000.0
2023-05-25,Brand B,Kolkata,5600.0
2023-05-25,Brand B,Chennai,5600.0
2023-05-25,Brand C,Mumbai,5400.0
2023-05-25,Brand C,Delhi,5200.0
2023-05-25,Brand C,Bangalore,6000.0
2023-05-25,Brand C,Kolkata,5600.0
2023-05-25,Brand C,Chennai,5600.0
2023-05-26,Brand A,Mumbai,5422.22
2023-05-26,Brand A,Delhi,5222.22
2023-05-26,Brand A,Bangalore,6022.22
2023-05-26,Brand A,Kolkata,5622.22
2023-05-26,Brand A,Chennai,5622.22
2023-05-26,Brand B,Mumbai,5422.22
2023-05-26,Brand B,Delhi,5222.22
2023-05-26,Brand B,Bangalore,6022.22
2023-05-26,Brand B,Kolkata,5622.22
2023-05-26,Brand B,Chennai,5622.22
2023-05-26,Brand C,Mumbai,5422.22
2023-05-26,Brand C,Delhi,5222.22
2023-05-26,Brand C,Bangalore,6022.22
2023-05-26,Brand C,Kolkata,5622.22
2023-05-26,Brand C,Chennai,5622.22
2023-05-27,Brand A,Mumbai,5444.44
2023-05-27,Brand A,Delhi,5244.44
2023-05-27,Brand A,Bangalore,6044.44
2023-05-27,Brand A,Kolkata,5644.44
2023-05-27,Brand A,Chennai,5644.44
2023-05-27,Brand B,Mumbai,5444.44
2023-05-27,Brand B,Delhi,5244.44
2023-05-27,Brand B,Bangalore,6044.44
2023-05-27,Brand B,Kolkata,5644.44
2023-05-27,Brand B,Chennai,5644.44
2023-05-27,Brand C,Mumbai,5444.44
2023-05-27,Brand C,Delhi,5244.44
2023-05-27,Brand C,Bangalore,6044.44
2023-05-27,Brand C,Kolkata,5644.44
2023-05-27,Brand C,Chennai,5644.44
2023-05-28,Brand A,Mumbai,5466.67
2023-05-28,Brand A,Delhi,5266.67
2023-05-28,Brand A,Bangalore,6066.67
2023-05-28,Brand A,Kolkata,5666.67
2023-05-28,Brand A,Chennai,5666.67
2023-05-28,Brand B,Mumbai,5466.67
2023-05-28,Brand B,Delhi,5266.67
2023-05-28,Brand B,Bangalore,6066.67
2023-05-28,Brand B,Kolkata,5666.67
2023-05-28,Brand B,Chennai,5666.67
2023-05-28,Brand C,Mumbai,5466.67
2023-05-28,Brand C,Delhi,5266.67
2023-05-28,Brand C,Bangalore,6066.67
2023-05-28,Brand C,Kolkata,5666.67
2023-05-28,Brand C,Chennai,5666.67
2023-05-29,Brand A,Mumbai,5488.89
2023-05-29,Brand A,Delhi,5288.89
2023-05-29,Brand A,Bangalore,6088.89
2023-05-29,Brand A,Kolkata,5688.89
2023-05-29,Brand A,Chennai,5688.89
2023-05-29,Brand B,Mumbai,5488.89
2023-05-29,Brand B,Delhi,5288.89
2023-05-29,Brand B,Bangalore,6088.89
2023-05-29,Brand B,Kolkata,5688.89
2023-05-29,Brand B,Chennai,5688.89
2023-05-29,Brand C,Mumbai,5488.89
2023-05-29,Brand C,Delhi,5288.89
2023-05-29,Brand C,Bangalore,6088.89
2023-05-29,Brand C,Kolkata,5688.89
2023-05-29,Brand C,Chennai,5688.89
2023-05-30,Brand A,Mumbai,5511.11
2023-05-30,Brand A,Delhi,5311.11
2023-05-30,Brand A,Bangalore,6111.11
2023-05-30,Brand A,Kolkata,5711.11
2023-05-30,Brand A,Chennai,5711.11
2023-05-30,Brand B,Mumbai,5511.11
2023-05-30,Brand B,Delhi,5311.11
2023-05-30,Brand B,Bangalore,6111.11
2023-05-30,Brand B,Kolkata,5711.11
2023-05-30,Brand B,Chennai,5711.11
2023-05-30,Brand C,Mumbai,5511.11
2023-05-30,Brand C,Delhi,5311.11
2023-05-30,Brand C,Bangalore,6111.11
2023-05-30,Brand C,Kolkata,5711.11
2023-05-30,Brand C,Chennai,5711.11
2023-05-31,Brand A,Mumbai,5533.33
2023-05-31,Brand A,Delhi,5333.33
2023-05-31,Brand A,Bangalore,6133.33
2023-05-31,Brand A,Kolkata,5733.33
2023-05-31,Brand A,Chennai,5733.33
2023-05-31,Brand B,Mumbai,5533.33
2023-05-31,Brand B,Delhi,5333.33
2023-05-31,Brand B,Bangalore,6133.33
2023-05-31,Brand B,Kolkata,5733.33
2023-05-31,Brand B,Chennai,5733.33
2023-05-31,Brand C,Mumbai,5533.33
2023-05-31,Brand C,Delhi,5333.33
2023-05-31,Brand C,Bangalore,6133.33
2023-05-31,Brand C,Kolkata,5733.33
2023-05-31,Brand C,Chennai,5733.33
2023-06-01,Brand A,Mumbai,5555.56
2023-06-01,Brand A,Delhi,5355.56
2023-06-01,Brand A,Bangalore,6155.56
2023-06-01,Brand A,Kolkata,5755.56
2023-06-01,Brand A,Chennai,5755.56
2023-06-01,Brand B,Mumbai,5555.56
2023-06-01,Brand B,Delhi,5355.56
2023-06-01,Brand B,Bangalore,6155.56
2023-06-01,Brand B,Kolkata,5755.56
2023-06-01,Brand B,Chennai,5755.56
2023-06-01,Brand C,Mumbai,5555.56
2023-06-01,Brand C,Delhi,5355.56
2023-06-01,Brand C,Bangalore,6155.56
2023-06-01,Brand C,Kolkata,5755.56
2023-06-01,Brand C,Chennai,5755.56
2023-06-02,Brand A,Mumbai,5577.78
2023-06-02,Brand A,Delhi,5377.78
2023-06-02,Brand A,Bangalore,6177.78
2023-06-02,Brand A,Kolkata,5777.78
2023-06-02,Brand A,Chennai,5777.78
2023-06-02,Brand B,Mumbai,5577.78
2023-06-02,Brand B,Delhi,5377.78
2023-06-02,Brand B,Bangalore,6177.78
2023-06-02,Brand B,Kolkata,5777.78
2023-06-02,Brand B,Chennai,5777.78
2023-06-02,Brand C,Mumbai,5577.78
2023-06-02,Brand C,Delhi,5377.78
2023-06-02,Brand C,Bangalore,6177.78
2023-06-02,Brand C,Kolkata,5777.78
2023-06-02,Brand C,Chennai,5777.78
2023-06-03,Brand A,Mumbai,5600.0
2023-06-03,Brand A,Delhi,5400.0
2023-06-03,Brand A,Bangalore,6200.0
2023-06-03,Brand A,Kolkata,5800.0
2023-06-03,Brand A,Chennai,5800.0
2023-06-03,Brand B,Mumbai,5600.0
2023-06-03,Brand B,Delhi,5400.0
2023-06-03,Brand B,Bangalore,6200.0
2023-06-03,Brand B,Kolkata,5800.0
2023-06-03,Brand B,Chennai,5800.0
2023-06-03,Brand C,Mumbai,5600.0
2023-06-03,Brand C,Delhi,5400.0
2023-06-03,Brand C,Bangalore,6200.0
2023-06-03,Brand C,Kolkata,5800.0
2023-06-03,Brand C,Chennai,5800.0
2023-06-04,Brand A,Mumbai,5622.22
2023-06-04,Brand A,Delhi,5422.22
2023-06-04,Brand A,Bangalore,6222.22
2023-06-04,Brand A,Kolkata,5822.22
2023-06-04,Brand A,Chennai,5822.22
2023-06-04,Brand B,Mumbai,5622.22
2023-06-04,Brand B,Delhi,5422.22
2023-06-04,Brand B,Bangalore,6222.22
2023-06-04,Brand B,Kolkata,5822.22
2023-06-04,Brand B,Chennai,5822.22
2023-06-04,Brand C,Mumbai,5622.22
2023-06-04,Brand C,Delhi,5422.22
2023-06-04,Brand C,Bangalore,6222.22
2023-06-04,Brand C,Kolkata,5822.22
2023-06-04,Brand C,Chennai,5822.22
2023-06-05,Brand A,Mumbai,5644.44
2023-06-05,Brand A,Delhi,5444.44
2023-06-05,Brand A,Bangalore,6244.44
2023-06-05,Brand A,Kolkata,5844.44
2023-06-05,Brand A,Chennai,5844.44
2023-06-05,Brand B,Mumbai,5644.44
2023-06-05,Brand B,Delhi,5444.44
2023-06-05,Brand B,Bangalore,6244.44
2023-06-05,Brand B,Kolkata,5844.44
2023-06-05,Brand B,Chennai,5844.44
2023-06-05,Brand C,Mumbai,5644.44
2023-06-05,Brand C,Delhi,5444.44
2023-06-05,Brand C,Bangalore,6244.44
2023-06-05,Brand C,Kolkata,5844.44
2023-06-05,Brand C,Chennai,5844.44
2023-06-06,Brand A,Mumbai,5666.67
2023-06-06,Brand A,Delhi,5466.67
2023-06-06,Brand A,Bangalore,6266.67
2023-06-06,Brand A,Kolkata,5866.67
2023-06-06,Brand A,Chennai,5866.67
2023-06-06,Brand B,Mumbai,5666.67
2023-06-06,Brand B,Delhi,5466.67
2023-06-06,Brand B,Bangalore,6266.67
2023-06-06,Brand B,Kolkata,5866.67
2023-06-06,Brand B,Chennai,5866.67
2023-06-06,Brand C,Mumbai,5666.67
2023-06-06,Brand C,Delhi,5466.67
2023-06-06,Brand C,Bangalore,6266.67
2023-06-06,Brand C,Kolkata,5866.67
2023-06-06,Brand C,Chennai,5866.67
2023-06-07,Brand A,Mumbai,5688.89
2023-06-07,Brand A,Delhi,5488.89
2023-06-07,Brand A,Bangalore,6288.89
2023-06-07,Brand A,Kolkata,5888.89
2023-06-07,Brand A,Chennai,5888.89
2023-06-07,Brand B,Mumbai,5688.89
2023-06-07,Brand B,Delhi,5488.89
2023-06-07,Brand B,Bangalore,6288.89
2023-06-07,Brand B,Kolkata,5888.89
2023-06-07,Brand B,Chennai,5888.89
2023-06-07,Brand C,Mumbai,5688.89
2023-06-07,Brand C,Delhi,5488.89
2023-06-07,Brand C,Bangalore,6288.89
2023-06-07,Brand C,Kolkata,5888.89
2023-06-07,Brand C,Chennai,5888.89
2023-06-08,Brand A,Mumbai,5711.11
2023-06-08,Brand A,Delhi,5511.11
2023-06-08,Brand A,Bangalore,6311.11
2023-06-08,Brand A,Kolkata,5911.11
2023-06-08,Brand A,Chennai,5911.11
2023-06-08,Brand B,Mumbai,5711.11
2023-06-08,Brand B,Delhi,5511.11
2023-06-08,Brand B,Bangalore,6311.11
2023-06-08,Brand B,Kolkata,5911.11
2023-06-08,Brand B,Chennai,5911.11
2023-06-08,Brand C,Mumbai,5711.11
2023-06-08,Brand C,Delhi,5511.11
2023-06-08,Brand C,Bangalore,6311.11
2023-06-08,Brand C,Kolkata,5911.11
2023-06-08,Brand C,Chennai,5911.11
2023-06-09,Brand A,Mumbai,5733.33
2023-06-09,Brand A,Delhi,5533.33
2023-06-09,Brand A,Bangalore,6333.33
2023-06-09,Brand A,Kolkata,5933.33
2023-06-09,Brand A,Chennai,5933.33
2023-06-09,Brand B,Mumbai,5733.33
2023-06-09,Brand B,Delhi,5533.33
2023-06-09,Brand B,Bangalore,6333.33
2023-06-09,Brand B,Kolkata,5933.33
2023-06-09,Brand B,Chennai,5933.33
2023-06-09,Brand C,Mumbai,5733.33
2023-06-09,Brand C,Delhi,5533.33
2023-06-09,Brand C,Bangalore,6333.33
2023-06-09,Brand C,Kolkata,5933.33
2023-06-09,Brand C,Chennai,5933.33
2023-06-10,Brand A,Mumbai,5755.56
2023-06-10,Brand A,Delhi,5555.56
2023-06-10,Brand A,Bangalore,6355.56
2023-06-10,Brand A,Kolkata,5955.56
2023-06-10,Brand A,Chennai,5955.56
2023-06-10,Brand B,Mumbai,5755.56
2023-06-10,Brand B,Delhi,5555.56
2023-06-10,Brand B,Bangalore,6355.56
2023-06-10,Brand B,Kolkata,5955.56
2023-06-10,Brand B,Chennai,5955.56
2023-06-10,Brand C,Mumbai,5755.56
2023-06-10,Brand C,Delhi,5555.56
2023-06-10,Brand C,Bangalore,6355.56
2023-06-10,Brand C,Kolkata,5955.56
2023-06-10,Brand C,Chennai,5955.56
2023-06-11,Brand A,Mumbai,5777.78
2023-06-11,Brand A,Delhi,5577.78
2023-06-11,Brand A,Bangalore,6377.78
2023-06-11,Brand A,Kolkata,5977.78
2023-06-11,Brand A,Chennai,5977.78
2023-06-11,Brand B,Mumbai,5777.78
2023-06-11,Brand B,Delhi,5577.78
2023-06-11,Brand B,Bangalore,6377.78
2023-06-11,Brand B,Kolkata,5977.78
2023-06-11,Brand B,Chennai,5977.78
2023-06-11,Brand C,Mumbai,5777.78
2023-06-11,Brand C,Delhi,5577.78
2023-06-11,Brand C,Bangalore,6377.78
2023-06-11,Brand C,Kolkata,5977.78
2023-06-11,Brand C,Chennai,5977.78
2023-06-12,Brand A,Mumbai,5800.0
2023-06-12,Brand A,Delhi,5600.0
2023-06-12,Brand A,Bangalore,6400.0
2023-06-12,Brand A,Kolkata,6000.0
2023-06-12,Brand A,Chennai,6000.0
2023-06-12,Brand B,Mumbai,5800.0
2023-06-12,Brand B,Delhi,5600.0
2023-06-12,Brand B,Bangalore,6400.0
2023-06-12,Brand B,Kolkata,6000.0
2023-06-12,Brand B,Chennai,6000.0
2023-06-12,Brand C,Mumbai,5800.0
2023-06-12,Brand C,Delhi,5600.0
2023-06-12,Brand C,Bangalore,6400.0
2023-06-12,Brand C,Kolkata,6000.0
2023-06-12,Brand C,Chennai,6000.0
2023-06-13,Brand A,Mumbai,5822.22
2023-06-13,Brand A,Delhi,5622.22
2023-06-13,Brand A,Bangalore,6422.22
2023-06-13,Brand A,Kolkata,6022.22
2023-06-13,Brand A,Chennai,6022.22
2023-06-13,Brand B,Mumbai,5822.22
2023-06-13,Brand B,Delhi,5622.22
2023-06-13,Brand B,Bangalore,6422.22
2023-06-13,Brand B,Kolkata,6022.22
2023-06-13,Brand B,Chennai,6022.22
2023-06-13,Brand C,Mumbai,5822.22
2023-06-13,Brand C,Delhi,5622.22
2023-06-13,Brand C,Bangalore,6422.22
2023-06-13,Brand C,Kolkata,6022.22
2023-06-13,Brand C,Chennai,6022.22
2023-06-14,Brand A,Mumbai,5844.44
2023-06-14,Brand A,Delhi,5644.44
2023-06-14,Brand A,Bangalore,6444.44
2023-06-14,Brand A,Kolkata,6044.44
2023-06-14,Brand A,Chennai,6044.44
2023-06-14,Brand B,Mumbai,5844.44
2023-06-14,Brand B,Delhi,5644.44
2023-06-14,Brand B,Bangalore,6444.44
2023-06-14,Brand B,Kolkata,6044.44
2023-06-14,Brand B,Chennai,6044.44
2023-06-14,Brand C,Mumbai,5844.44
2023-06-14,Brand C,Delhi,5644.44
2023-06-14,Brand C,Bangalore,6444.44
2023-06-14,Brand C,Kolkata,6044.44
2023-06-14,Brand C,Chennai,6044.44
2023-06-15,Brand A,Mumbai,5866.67
2023-06-15,Brand A,Delhi,5666.67
2023-06-15,Brand A,Bangalore,6466.67
2023-06-15,Brand A,Kolkata,6066.67
2023-06-15,Brand A,Chennai,6066.67
2023-06-15,Brand B,Mumbai,5866.67
2023-06-15,Brand B,Delhi,5666.67
2023-06-15,Brand B,Bangalore,6466.67
2023-06-15,Brand B,Kolkata,6066.67
2023-06-15,Brand B,Chennai,6066.67
2023-06-15,Brand C,Mumbai,5866.67
2023-06-15,Brand C,Delhi,5666.67
2023-06-15,Brand C,Bangalore,6466.67
2023-06-15,Brand C,Kolkata,6066.67
2023-06-15,Brand C,Chennai,6066.67
2023-06-16,Brand A,Mumbai,5888.89
2023-06-16,Brand A,Delhi,5688.89
2023-06-16,Brand A,Bangalore,6488.89
2023-06-16,Brand A,Kolkata,6088.89
2023-06-16,Brand A,Chennai,6088.89
2023-06-16,Brand B,Mumbai,5888.89
2023-06-16,Brand B,Delhi,5688.89
2023-06-16,Brand B,Bangalore,6488.89
2023-06-16,Brand B,Kolkata,6088.89
2023-06-16,Brand B,Chennai,6088.89
2023-06-16,Brand C,Mumbai,5888.89
2023-06-16,Brand C,Delhi,5688.89
2023-06-16,Brand C,Bangalore,6488.89
2023-06-16,Brand C,Kolkata,6088.89
2023-06-16,Brand C,Chennai,6088.89
2023-06-17,Brand A,Mumbai,5911.11
2023-06-17,Brand A,Delhi,5711.11
2023-06-17,Brand A,Bangalore,6511.11
2023-06-17,Brand A,Kolkata,6111.11
2023-06-17,Brand A,Chennai,6111.11
2023-06-17,Brand B,Mumbai,5911.11
2023-06-17,Brand B,Delhi,5711.11
2023-06-17,Brand B,Bangalore,6511.11
2023-06-17,Brand B,Kolkata,6111.11
2023-06-17,Brand B,Chennai,6111.11
2023-06-17,Brand C,Mumbai,5911.11
2023-06-17,Brand C,Delhi,5711.11
2023-06-17,Brand C,Bangalore,6511.11
2023-06-17,Brand C,Kolkata,6111.11
2023-06-17,Brand C,Chennai,6111.11
2023-06-18,Brand A,Mumbai,5933.33
2023-06-18,Brand A,Delhi,5733.33
2023-06-18,Brand A,Bangalore,6533.33
2023-06-18,Brand A,Kolkata,6133.33
2023-06-18,Brand A,Chennai,6133.33
2023-06-18,Brand B,Mumbai,5933.33
2023-06-18,Brand B,Delhi,5733.33
2023-06-18,Brand B,Bangalore,6533.33
2023-06-18,Brand B,Kolkata,6133.33
2023-06-18,Brand B,Chennai,6133.33
2023-06-18,Brand C,Mumbai,5933.33
2023-06-18,Brand C,Delhi,5733.33
2023-06-18,Brand C,Bangalore,6533.33
2023-06-18,Brand C,Kolkata,6133.33
2023-06-18,Brand C,Chennai,6133.33
2023-06-19,Brand A,Mumbai,5955.56
2023-06-19,Brand A,Delhi,5755.56
2023-06-19,Brand A,Bangalore,6555.56
2023-06-19,Brand A,Kolkata,6155.56
2023-06-19,Brand A,Chennai,6155.56
2023-06-19,Brand B,Mumbai,5955.56
2023-06-19,Brand B,Delhi,5755.56
2023-06-19,Brand B,Bangalore,6555.56
2023-06-19,Brand B,Kolkata,6155.56
2023-06-19,Brand B,Chennai,6155.56
2023-06-19,Brand C,Mumbai,5955.56
2023-06-19,Brand C,Delhi,5755.56
2023-06-19,Brand C,Bangalore,6555.56
2023-06-19,Brand C,Kolkata,6155.56
2023-06-19,Brand C,Chennai,6155.56
2023-06-20,Brand A,Mumbai,5977.78
2023-06-20,Brand A,Delhi,5777.78
2023-06-20,Brand A,Bangalore,6577.78
2023-06-20,Brand A,Kolkata,6177.78
2023-06-20,Brand A,Chennai,6177.78
2023-06-20,Brand B,Mumbai,5977.78
2023-06-20,Brand B,Delhi,5777.78
2023-06-20,Brand B,Bangalore,6577.78
2023-06-20,Brand B,Kolkata,6177.78
2023-06-20,Brand B,Chennai,6177.78
2023-06-20,Brand C,Mumbai,5977.78
2023-06-20,Brand C,Delhi,5777.78
2023-06-20,Brand C,Bangalore,6577.78
2023-06-20,Brand C,Kolkata,6177.78
2023-06-20,Brand C,Chennai,6177.78
2023-06-21,Brand A,Mumbai,6000.0
2023-06-21,Brand A,Delhi,5800.0
2023-06-21,Brand A,Bangalore,6600.0
2023-06-21,Brand A,Kolkata,6200.0
2023-06-21,Brand A,Chennai,6200.0
2023-06-21,Brand B,Mumbai,6000.0
2023-06-21,Brand B,Delhi,5800.0
2023-06-21,Brand B,Bangalore,6600.0
2023-06-21,Brand B,Kolkata,6200.0
2023-06-21,Brand B,Chennai,6200.0
2023-06-21,Brand C,Mumbai,6000.0
2023-06-21,Brand C,Delhi,5800.0
2023-06-21,Brand C,Bangalore,6600.0
2023-06-21,Brand C,Kolkata,6200.0
2023-06-21,Brand C,Chennai,6200.0
2023-06-22,Brand A,Mumbai,6022.22
2023-06-22,Brand A,Delhi,5822.22
2023-06-22,Brand A,Bangalore,6622.22
2023-06-22,Brand A,Kolkata,6222.22
2023-06-22,Brand A,Chennai,6222.22
2023-06-22,Brand B,Mumbai,6022.22
2023-06-22,Brand B,Delhi,5822.22
2023-06-22,Brand B,Bangalore,6622.22
2023-06-22,Brand B,Kolkata,6222.22
2023-06-22,Brand B,Chennai,6222.22
2023-06-22,Brand C,Mumbai,6022.22
2023-06-22,Brand C,Delhi,5822.22
2023-06-22,Brand C,Bangalore,6622.22
2023-06-22,Brand C,Kolkata,6222.22
2023-06-22,Brand C,Chennai,6222.22
2023-06-23,Brand A,Mumbai,6044.44
2023-06-23,Brand A,Delhi,5844.44
2023-06-23,Brand A,Bangalore,6644.44
2023-06-23,Brand A,Kolkata,6244.44
2023-06-23,Brand A,Chennai,6244.44
2023-06-23,Brand B,Mumbai,6044.44
2023-06-23,Brand B,Delhi,5844.44
2023-06-23,Brand B,Bangalore,6644.44
2023-06-23,Brand B,Kolkata,6244.44
2023-06-23,Brand B,Chennai,6244.44
2023-06-23,Brand C,Mumbai,6044.44
2023-06-23,Brand C,Delhi,5844.44
2023-06-23,Brand C,Bangalore,6644.44
2023-06-23,Brand C,Kolkata,6244.44
2023-06-23,Brand C,Chennai,6244.44
2023-06-24,Brand A,Mumbai,6066.67
2023-06-24,Brand A,Delhi,5866.67
2023-06-24,Brand A,Bangalore,6666.67
2023-06-24,Brand A,Kolkata,6266.67
2023-06-24,Brand A,Chennai,6266.67
2023-06-24,Brand B,Mumbai,6066.67
2023-06-24,Brand B,Delhi,5866.67
2023-06-24,Brand B,Bangalore,6666.67
2023-06-24,Brand B,Kolkata,6266.67
2023-06-24,Brand B,Chennai,6266.67
2023-06-24,Brand C,Mumbai,6066.67
2023-06-24,Brand C,Delhi,5866.67
2023-06-24,Brand C,Bangalore,6666.67
2023-06-24,Brand C,Kolkata,6266.67
2023-06-24,Brand C,Chennai,6266.67
2023-06-25,Brand A,Mumbai,6088.89
2023-06-25,Brand A,Delhi,5888.89
2023-06-25,Brand A,Bangalore,6688.89
2023-06-25,Brand A,Kolkata,6288.89
2023-06-25,Brand A,Chennai,6288.89
2023-06-25,Brand B,Mumbai,6088.89
2023-06-25,Brand B,Delhi,5888.89
2023-06-25,Brand B,Bangalore,6688.89
2023-06-25,Brand B,Kolkata,6288.89
2023-06-25,Brand B,Chennai,6288.89
2023-06-25,Brand C,Mumbai,6088.89
2023-06-25,Brand C,Delhi,5888.89
2023-06-25,Brand C,Bangalore,6688.89
2023-06-25,Brand C,Kolkata,6288.89
2023-06-25,Brand C,Chennai,6288.89
2023-06-26,Brand A,Mumbai,6111.11
2023-06-26,Brand A,Delhi,5911.11
2023-06-26,Brand A,Bangalore,6711.11
2023-06-26,Brand A,Kolkata,6311.11
2023-06-26,Brand A,Chennai,6311.11
2023-06-26,Brand B,Mumbai,6111.11
2023-06-26,Brand B,Delhi,5911.11
2023-06-26,Brand B,Bangalore,6711.11
2023-06-26,Brand B,Kolkata,6311.11
2023-06-26,Brand B,Chennai,6311.11
2023-06-26,Brand C,Mumbai,6111.11
2023-06-26,Brand C,Delhi,5911.11
2023-06-26,Brand C,Bangalore,6711.11
2023-06-26,Brand C,Kolkata,6311.11
2023-06-26,Brand C,Chennai,6311.11
2023-06-27,Brand A,Mumbai,6133.33
2023-06-27,Brand A,Delhi,5933.33
2023-06-27,Brand A,Bangalore,6733.33
2023-06-27,Brand A,Kolkata,6333.33
2023-06-27,Brand A,Chennai,6333.33
2023-06-27,Brand B,Mumbai,6133.33
2023-06-27,Brand B,Delhi,5933.33
2023-06-27,Brand B,Bangalore,6733.33
2023-06-27,Brand B,Kolkata,6333.33
2023-06-27,Brand B,Chennai,6333.33
2023-06-27,Brand C,Mumbai,6133.33
2023-06-27,Brand C,Delhi,5933.33
2023-06-27,Brand C,Bangalore,6733.33
2023-06-27,Brand C,Kolkata,6333.33
2023-06-27,Brand C,Chennai,6333.33
2023-06-28,Brand A,Mumbai,6155.56
2023-06-28,Brand A,Delhi,5955.56
2023-06-28,Brand A,Bangalore,6755.56
2023-06-28,Brand A,Kolkata,6355.56
2023-06-28,Brand A,Chennai,6355.56
2023-06-28,Brand B,Mumbai,6155.56
2023-06-28,Brand B,Delhi,5955.56
2023-06-28,Brand B,Bangalore,6755.56
2023-06-28,Brand B,Kolkata,6355.56
2023-06-28,Brand B,Chennai,6355.56
2023-06-28,Brand C,Mumbai,6155.56
2023-06-28,Brand C,Delhi,5955.56
2023-06-28,Brand C,Bangalore,6755.56
2023-06-28,Brand C,Kolkata,6355.56
2023-06-28,Brand C,Chennai,6355.56
2023-06-29,Brand A,Mumbai,6177.78
2023-06-29,Brand A,Delhi,5977.78
2023-06-29,Brand A,Bangalore,6777.78
2023-06-29,Brand A,Kolkata,6377.78
2023-06-29,Brand A,Chennai,6377.78
2023-06-29,Brand B,Mumbai,6177.78
2023-06-29,Brand B,Delhi,5977.78
2023-06-29,Brand B,Bangalore,6777.78
2023-06-29,Brand B,Kolkata,6377.78
2023-06-29,Brand B,Chennai,6377.78
2023-06-29,Brand C,Mumbai,6177.78
2023-06-29,Brand C,Delhi,5977.78
2023-06-29,Brand C,Bangalore,6777.78
2023-06-29,Brand C,Kolkata,6377.78
2023-06-29,Brand C,Chennai,6377.78
